-- MySQL dump 10.16  Distrib 10.1.13-MariaDB, for Win32 (AMD64)
--
-- Host: localhost    Database: asahi_maintenance
-- ------------------------------------------------------
-- Server version	10.1.13-MariaDB

/*!40101 SET @OLD_CHARACTER_SET_CLIENT=@@CHARACTER_SET_CLIENT */;
/*!40101 SET @OLD_CHARACTER_SET_RESULTS=@@CHARACTER_SET_RESULTS */;
/*!40101 SET @OLD_COLLATION_CONNECTION=@@COLLATION_CONNECTION */;
/*!40101 SET NAMES utf8 */;
/*!40103 SET @OLD_TIME_ZONE=@@TIME_ZONE */;
/*!40103 SET TIME_ZONE='+00:00' */;
/*!40014 SET @OLD_UNIQUE_CHECKS=@@UNIQUE_CHECKS, UNIQUE_CHECKS=0 */;
/*!40014 SET @OLD_FOREIGN_KEY_CHECKS=@@FOREIGN_KEY_CHECKS, FOREIGN_KEY_CHECKS=0 */;
/*!40101 SET @OLD_SQL_MODE=@@SQL_MODE, SQL_MODE='NO_AUTO_VALUE_ON_ZERO' */;
/*!40111 SET @OLD_SQL_NOTES=@@SQL_NOTES, SQL_NOTES=0 */;

--
-- Current Database: `asahi_maintenance`
--

/*!40000 DROP DATABASE IF EXISTS `asahi_maintenance`*/;

CREATE DATABASE /*!32312 IF NOT EXISTS*/ `asahi_maintenance` /*!40100 DEFAULT CHARACTER SET latin1 */;

USE `asahi_maintenance`;

--
-- Table structure for table `action_images`
--

DROP TABLE IF EXISTS `action_images`;
/*!40101 SET @saved_cs_client     = @@character_set_client */;
/*!40101 SET character_set_client = utf8 */;
CREATE TABLE `action_images` (
  `id` int(11) NOT NULL AUTO_INCREMENT,
  `daily_activity_id` int(11) NOT NULL,
  `action_id` int(11) NOT NULL,
  `filename` varchar(256) NOT NULL,
  `comment` varchar(256) DEFAULT NULL,
  PRIMARY KEY (`id`)
) ENGINE=InnoDB AUTO_INCREMENT=745 DEFAULT CHARSET=utf8;
/*!40101 SET character_set_client = @saved_cs_client */;

--
-- Dumping data for table `action_images`
--

LOCK TABLES `action_images` WRITE;
/*!40000 ALTER TABLE `action_images` DISABLE KEYS */;
INSERT INTO `action_images` VALUES (1,1,1,'FILLING_MACHINE_1_LABELLING__PART_CHECK_FOR_GMP_LABELLING_MACHINE_GHEh4vnKaXR8vM12.jpeg','3 pcs'),(2,1,1,'FILLING_MACHINE_1_LABELLING__PART_CHECK_FOR_GMP_LABELLING_MACHINE_ye8zBmXV0IKpSvoR.jpeg','2 pcs'),(3,1,1,'FILLING_MACHINE_1_LABELLING__PART_CHECK_FOR_GMP_LABELLING_MACHINE_Uk1Sh79Hct1xSjvd.jpeg','2 pcs'),(4,1,1,'FILLING_MACHINE_1_LABELLING__PART_CHECK_FOR_GMP_LABELLING_MACHINE_MuajXEpJlprvKbR6.jpeg','2 pcs'),(5,1,1,'FILLING_MACHINE_1_LABELLING__PART_CHECK_FOR_GMP_LABELLING_MACHINE_xBC4AK8VYztjJ2TI.jpeg','4 pcs'),(6,1,1,'FILLING_MACHINE_1_LABELLING__PART_CHECK_FOR_GMP_LABELLING_MACHINE_RFbPABFUF4RFtk8J.jpeg','2 pcs'),(7,1,1,'FILLING_MACHINE_1_LABELLING__PART_CHECK_FOR_GMP_LABELLING_MACHINE_Nd3qBTItp5wIH1gQ.jpeg','6 pcs'),(8,1,1,'FILLING_MACHINE_1_LABELLING__PART_CHECK_FOR_GMP_LABELLING_MACHINE_ZEnP8ro6LUB2Szqo.jpeg','4 pcs'),(9,1,1,'FILLING_MACHINE_1_LABELLING__PART_CHECK_FOR_GMP_LABELLING_MACHINE_j8K4BElhCHsDN126.jpeg','2 pcs'),(10,1,1,'FILLING_MACHINE_1_LABELLING__PART_CHECK_FOR_GMP_LABELLING_MACHINE_jiQIW9mZWdRqIwja.jpeg','2 pcs'),(11,1,1,'FILLING_MACHINE_1_LABELLING__PART_CHECK_FOR_GMP_LABELLING_MACHINE_MYVkOxs0Rzrc6Ooc.jpeg','2 pcs'),(12,1,1,'FILLING_MACHINE_1_LABELLING__PART_CHECK_FOR_GMP_LABELLING_MACHINE_BRshu3AjQaGngfvH.jpeg','2 pcs'),(13,1,1,'FILLING_MACHINE_1_LABELLING__PART_CHECK_FOR_GMP_LABELLING_MACHINE_ysEyuXo1DsZYLyiS.jpeg','2 pcs'),(14,1,1,'FILLING_MACHINE_1_LABELLING__PART_CHECK_FOR_GMP_LABELLING_MACHINE_e9n5S4apBO9guMJa.jpeg','2 pcs'),(15,1,1,'FILLING_MACHINE_1_LABELLING__PART_CHECK_FOR_GMP_LABELLING_MACHINE_NiyrKw293hbnw7xg.jpeg','6 pcs'),(16,1,1,'FILLING_MACHINE_1_LABELLING__PART_CHECK_FOR_GMP_LABELLING_MACHINE_Kmd0JcAQ5PXlajRT.jpeg','6 pcs'),(17,1,1,'FILLING_MACHINE_1_LABELLING__PART_CHECK_FOR_GMP_LABELLING_MACHINE_IPgKsNSqNTeG0ALq.jpeg',''),(18,1,1,'FILLING_MACHINE_1_LABELLING__PART_CHECK_FOR_GMP_LABELLING_MACHINE_Ioa7WTRy487eEFdK.jpeg','4 pcs'),(19,1,1,'FILLING_MACHINE_1_LABELLING__PART_CHECK_FOR_GMP_LABELLING_MACHINE_7VZomPp70BG6XHwx.jpeg','4 pcs'),(21,2,2,'BOILER__BOILER_INSTALLATION_KJhPOUFMmD3LEqYS.jpeg',''),(22,2,2,'BOILER__BOILER_INSTALLATION_KX21ZGuelVUslFMN.jpeg',''),(23,2,2,'BOILER__BOILER_INSTALLATION_gKG6ELgahu4l2e6x.jpeg',''),(24,2,2,'BOILER__BOILER_INSTALLATION_wMbicN3j2NYtEZ1B.jpeg',''),(25,2,2,'BOILER__BOILER_INSTALLATION_C91zTcZDbQy5wzKk.jpeg',''),(26,2,2,'BOILER__BOILER_INSTALLATION_fxz7wHromOEovfZC.jpeg',''),(28,3,4,'INJECTION_MOLDING_INSTALLATION_OD1dIHcawjaMwIGO.jpeg',''),(29,3,4,'INJECTION_MOLDING_INSTALLATION_4HZylgmhHQ785ck7.jpeg',''),(30,3,4,'INJECTION_MOLDING_INSTALLATION_uLVIrPs3HUQq1alS.jpeg',''),(31,3,4,'INJECTION_MOLDING_INSTALLATION_42qBgtLpSiDzDU5N.jpeg',''),(32,3,4,'INJECTION_MOLDING_INSTALLATION_XFd8h3PruRYfWH4u.jpeg',''),(33,3,4,'INJECTION_MOLDING_INSTALLATION_kJ71DsyF8T2ZL4rf.jpeg',''),(34,3,4,'INJECTION_MOLDING_INSTALLATION_L8a6uZvFqXFKljuo.jpeg',''),(35,3,4,'INJECTION_MOLDING_INSTALLATION_GyHpOaUD3Lp0mxc8.jpeg',''),(36,3,4,'INJECTION_MOLDING_INSTALLATION_oLmvIgJl9oBhEVyo.jpeg',''),(39,3,3,'INJECTION_MOLDING_INSTALLATION_WiH8wGFWYtXvxJSm.jpeg',''),(40,3,3,'INJECTION_MOLDING_INSTALLATION_mxJY047a7Wr0kXQD.jpeg',''),(41,3,3,'INJECTION_MOLDING_INSTALLATION_PMTMWUFGQPgdDLbR.jpeg',''),(42,3,3,'INJECTION_MOLDING_INSTALLATION_qxz7KydJ6VGSoGE1.jpeg',''),(43,3,3,'INJECTION_MOLDING_INSTALLATION_sD5f4wDWUYDhmQe1.jpeg',''),(44,3,3,'INJECTION_MOLDING_INSTALLATION_Dno3DlPqJkdGTKDe.jpeg',''),(45,3,3,'INJECTION_MOLDING_INSTALLATION_xzPHF1Pswvg59z6p.jpeg',''),(47,3,4,'INJECTION_MOLDING_INSTALLATION_XC7g0NxUeGwZtpfd.jpeg',''),(48,3,4,'INJECTION_MOLDING_INSTALLATION_KoYgKZQCTHgEcvuU.jpeg',''),(49,3,4,'INJECTION_MOLDING_INSTALLATION_Elhazeig84jhDh59.jpeg',''),(50,3,5,'INJECTION_MOLDING_INSTALLATION_7atvP9MlVT5Ts6ov.jpeg',''),(51,3,5,'INJECTION_MOLDING_INSTALLATION_uKbegla3mRSIDyvk.jpeg',''),(53,3,8,'INJECTION_MOLDING_INSTALLATION_YpC3MQR1TJ1f1oUk.jpeg',''),(58,3,8,'INJECTION_MOLDING_INSTALLATION_LcYie1p63XueMCQ0.jpeg',''),(59,3,8,'INJECTION_MOLDING_INSTALLATION_lW1oBPLHNhNAPfpv.jpeg',''),(61,3,8,'INJECTION_MOLDING_INSTALLATION_n43rgoPoIGVk1rPs.jpeg',''),(62,3,8,'INJECTION_MOLDING_INSTALLATION_kLp0NGqcOXfRWXmh.jpeg',''),(63,3,8,'INJECTION_MOLDING_INSTALLATION_4oqQbmk7ouAcmQx6.jpeg',''),(64,3,8,'INJECTION_MOLDING_INSTALLATION_NcWIS7nJThUEkthJ.jpeg',''),(65,3,8,'INJECTION_MOLDING_INSTALLATION_oHqu9DaWvBWD29Eh.jpeg',''),(66,3,8,'INJECTION_MOLDING_INSTALLATION_NPctCLuaKpSKWDiB.jpeg',''),(67,3,9,'INJECTION_MOLDING_INSTALLATION_gdDkIDyJSBxWNO8x.jpeg',''),(68,3,9,'INJECTION_MOLDING_INSTALLATION_LxuAv8O6YBa9R1Tu.jpeg',''),(70,3,9,'INJECTION_MOLDING_INSTALLATION_iqnzi0kqNT4yvfew.jpeg',''),(73,3,9,'INJECTION_MOLDING_INSTALLATION_LUaKXifb8JYEociJ.jpeg',''),(75,3,9,'INJECTION_MOLDING_INSTALLATION_bDfMaWcEFqvLo3XJ.jpeg',''),(76,3,9,'INJECTION_MOLDING_INSTALLATION_0NGRuc4MKUts7JG7.jpeg',''),(77,3,6,'INJECTION_MOLDING_INSTALLATION_YjrzysvdwPDugBhO.jpeg',''),(78,3,6,'INJECTION_MOLDING_INSTALLATION_teTlpxgqjeOvZJLK.jpeg',''),(79,3,6,'INJECTION_MOLDING_INSTALLATION_okghwlItoSd5lJnS.jpeg',''),(80,3,6,'INJECTION_MOLDING_INSTALLATION_LpqQzTWb82CGf2cl.jpeg',''),(81,3,6,'INJECTION_MOLDING_INSTALLATION_dfYas1YMGS8DVNiH.jpeg',''),(82,1,1,'FILLING_MACHINE_1_LABELLING__PART_CHECK_FOR_GMP_LABELLING_MACHINE_hqiqVF4EfRjWvsZx.jpeg','6 pcs'),(83,1,1,'FILLING_MACHINE_1_LABELLING__PART_CHECK_FOR_GMP_LABELLING_MACHINE_EYCtUO952qaNfq9Y.jpeg','4 pcs'),(85,1,1,'FILLING_MACHINE_1_LABELLING__PART_CHECK_FOR_GMP_LABELLING_MACHINE_pcPkGtXvZcgIweqR.jpeg',''),(88,1,10,'FILLING_MACHINE_1_LABELLING__PART_CHECK_FOR_GMP_LABELLING_MACHINE_oEvmo3p4dL1dacaj.jpeg',''),(89,1,10,'FILLING_MACHINE_1_LABELLING__PART_CHECK_FOR_GMP_LABELLING_MACHINE_pXrpagb7VeYIX3Ql.jpeg',''),(90,1,10,'FILLING_MACHINE_1_LABELLING__PART_CHECK_FOR_GMP_LABELLING_MACHINE_9t3xLZ2tPYsQgJfm.jpeg',''),(91,1,10,'FILLING_MACHINE_1_LABELLING__PART_CHECK_FOR_GMP_LABELLING_MACHINE_wpwY1mlDRFanrxkm.jpeg',''),(92,1,10,'FILLING_MACHINE_1_LABELLING__PART_CHECK_FOR_GMP_LABELLING_MACHINE_AnkhtXDJHbNLHZy0.jpeg',''),(93,1,10,'FILLING_MACHINE_1_LABELLING__PART_CHECK_FOR_GMP_LABELLING_MACHINE_RHidnpvGepdcLitv.jpeg',''),(94,1,10,'FILLING_MACHINE_1_LABELLING__PART_CHECK_FOR_GMP_LABELLING_MACHINE_9Si1mSGBtU1RIWXT.jpeg',''),(95,1,10,'FILLING_MACHINE_1_LABELLING__PART_CHECK_FOR_GMP_LABELLING_MACHINE_5YPntftxjySQZ5oX.jpeg',''),(96,1,11,'FILLING_MACHINE_1_LABELLING__PART_CHECK_FOR_GMP_LABELLING_MACHINE_FLHcCFx64qGcVnWg.jpeg',''),(97,1,11,'FILLING_MACHINE_1_LABELLING__PART_CHECK_FOR_GMP_LABELLING_MACHINE_1oBn43rgoPoIGVk1.jpeg',''),(98,1,11,'FILLING_MACHINE_1_LABELLING__PART_CHECK_FOR_GMP_LABELLING_MACHINE_qMG4o0mZuLDLb3mE.jpeg',''),(99,1,11,'FILLING_MACHINE_1_LABELLING__PART_CHECK_FOR_GMP_LABELLING_MACHINE_IfnojfCoFpQ1g848.jpeg',''),(100,1,11,'FILLING_MACHINE_1_LABELLING__PART_CHECK_FOR_GMP_LABELLING_MACHINE_X1nyotGyamfxb1S1.jpeg',''),(101,1,11,'FILLING_MACHINE_1_LABELLING__PART_CHECK_FOR_GMP_LABELLING_MACHINE_kRs1TbkKvutO4v1X.jpeg',''),(103,1,11,'FILLING_MACHINE_1_LABELLING__PART_CHECK_FOR_GMP_LABELLING_MACHINE_wM1QOsLp42RUuO3j.jpeg',''),(104,1,11,'FILLING_MACHINE_1_LABELLING__PART_CHECK_FOR_GMP_LABELLING_MACHINE_XufyVeLO9lfsRnYJ.jpeg',''),(105,1,11,'FILLING_MACHINE_1_LABELLING__PART_CHECK_FOR_GMP_LABELLING_MACHINE_Az0l4Ncpr2gPnJ6b.jpeg',''),(107,1,12,'FILLING_MACHINE_1_LABELLING__PART_CHECK_FOR_GMP_LABELLING_MACHINE_Scy9xMHZlZvYncQZ.jpeg',''),(108,1,12,'FILLING_MACHINE_1_LABELLING__PART_CHECK_FOR_GMP_LABELLING_MACHINE_dTSTzXFd8h3PruRY.jpeg',''),(109,1,13,'FILLING_MACHINE_1_LABELLING__PART_CHECK_FOR_GMP_LABELLING_MACHINE_IOAm01yG27Dd4MjB.jpeg',''),(110,1,13,'FILLING_MACHINE_1_LABELLING__PART_CHECK_FOR_GMP_LABELLING_MACHINE_poVGr8LxpPzBmwCv.jpeg',''),(111,1,13,'FILLING_MACHINE_1_LABELLING__PART_CHECK_FOR_GMP_LABELLING_MACHINE_wXzIdgym2Lv7sXpo.jpeg',''),(112,1,13,'FILLING_MACHINE_1_LABELLING__PART_CHECK_FOR_GMP_LABELLING_MACHINE_XD1KL2FU0Jv8gRVK.jpeg',''),(113,1,13,'FILLING_MACHINE_1_LABELLING__PART_CHECK_FOR_GMP_LABELLING_MACHINE_NfLgH9MSAXKTNLNv.jpeg',''),(114,1,13,'FILLING_MACHINE_1_LABELLING__PART_CHECK_FOR_GMP_LABELLING_MACHINE_AqsQfiMYV97jNSX3.jpeg',''),(116,3,4,'INJECTION_MOLDING_INSTALLATION_OGRi2bMwhyAtVbjW.jpeg','before'),(117,3,4,'INJECTION_MOLDING_INSTALLATION_tAK3l3rgPh3nxOiM.jpeg',''),(118,3,4,'INJECTION_MOLDING_INSTALLATION_iLMVzJqHQnBoGdJg.jpeg',''),(119,3,4,'INJECTION_MOLDING_INSTALLATION_j5uzRu2MR4IhohYx.jpeg','After'),(120,3,9,'INJECTION_MOLDING_INSTALLATION_JvpkA0EOoJS6C1FC.jpeg','before'),(121,3,6,'INJECTION_MOLDING_INSTALLATION_IL34Np1oZVpXAmq4.jpeg','After'),(122,3,9,'INJECTION_MOLDING_INSTALLATION_Novyu0iWw6APfQEB.jpeg','After'),(123,4,14,'MA1200-1__IDENTIFIKASI_MOLD_NLaWEWTLcFlOdiIc.jpeg',''),(124,4,14,'MA1200-1__IDENTIFIKASI_MOLD_W6F9yxyU3k9cCXuM.jpeg',''),(125,4,14,'MA1200-1__IDENTIFIKASI_MOLD_ZLfAtioUkviBywx1.jpeg',''),(126,4,14,'MA1200-1__IDENTIFIKASI_MOLD_fc2MReavKOSvWhYy.jpeg',''),(127,4,14,'MA1200-1__IDENTIFIKASI_MOLD_RGPIqhLA8kTsI1gD.jpeg',''),(128,5,15,'CLEAN_UP_WORK_sTbSzxlIWE9NsLRM.jpeg',''),(129,5,15,'CLEAN_UP_WORK_293hbnw7xg4inBoe.jpeg',''),(130,5,15,'CLEAN_UP_WORK_O3QSoxHkFNaVQdnq.jpeg',''),(131,5,15,'CLEAN_UP_WORK_tOLHyfvsrIcB3Md3.jpeg',''),(132,5,15,'CLEAN_UP_WORK_HBydDLz9FVeFLHfK.jpeg',''),(133,5,15,'CLEAN_UP_WORK_EIlSNkIjpaOG9M5S.jpeg',''),(134,5,15,'CLEAN_UP_WORK_wfGd2LE49uwbWDJs.jpeg',''),(135,5,15,'CLEAN_UP_WORK_JQT2xRX9TcGHK4sH.jpeg',''),(136,5,16,'CLEAN_UP_WORK_I4Vzvko0zlfZ7pQi.jpeg',''),(137,5,16,'CLEAN_UP_WORK_ioT0cUgH31enpKxQ.jpeg',''),(138,5,16,'CLEAN_UP_WORK_8EcDe0z5cqTvD9zN.jpeg',''),(139,6,17,'MA1200-1__INJECTION_MACHINE_TRIAL_-_POWER_ON_iL0JE5xnc8ctCwDp.jpeg',''),(140,6,18,'MA1200-1__INJECTION_MACHINE_TRIAL_-_POWER_ON_GBsthDnpdWzuXDhz.jpeg',''),(141,7,19,'PEMERIKSAAN_KEBOCORAN_FACTORY__he1QNH3bYKYWYHdO.mp4',''),(142,7,19,'PEMERIKSAAN_KEBOCORAN_FACTORY__j6bu1qtKvCEMBW75.mp4',''),(143,7,19,'PEMERIKSAAN_KEBOCORAN_FACTORY__ypJStbYEn2Q6KmFS.mp4',''),(144,6,20,'MA1200-1__INJECTION_MACHINE_TRIAL_-_POWER_ON_yDPKrBTgaYFPJea2.jpeg',''),(145,6,20,'MA1200-1__INJECTION_MACHINE_TRIAL_-_POWER_ON_na2yYlm8I3g7FEjT.jpeg',''),(146,6,20,'MA1200-1__INJECTION_MACHINE_TRIAL_-_POWER_ON_15bEAhiR7QoIeCWV.jpeg',''),(147,6,20,'MA1200-1__INJECTION_MACHINE_TRIAL_-_POWER_ON_zQnBPYrpN6068sda.jpeg',''),(148,6,20,'MA1200-1__INJECTION_MACHINE_TRIAL_-_POWER_ON_8ygq8LAPsQNyhePj.jpeg',''),(149,6,20,'MA1200-1__INJECTION_MACHINE_TRIAL_-_POWER_ON_pVFeXtxQdUHyHq1t.jpeg',''),(150,6,18,'MA1200-1__INJECTION_MACHINE_TRIAL_-_POWER_ON_hfEc9Vw6Mz8RcyjG.jpeg',''),(151,6,18,'MA1200-1__INJECTION_MACHINE_TRIAL_-_POWER_ON_mEdSMFLsZqhwr4Pw.jpeg',''),(152,6,18,'MA1200-1__INJECTION_MACHINE_TRIAL_-_POWER_ON_wOcDkuVCp05usTnR.jpeg',''),(153,6,18,'MA1200-1__INJECTION_MACHINE_TRIAL_-_POWER_ON_728W0tPSWcKbeH4o.jpeg',''),(154,6,18,'MA1200-1__INJECTION_MACHINE_TRIAL_-_POWER_ON_TrBAjKESRyeQK0v9.jpeg',''),(155,5,21,'CLEAN_UP_WORK_BU7mVa2z051dzveS.jpeg',''),(157,5,21,'CLEAN_UP_WORK_mjVgfvsTbqgjGbOY.jpeg',''),(158,5,21,'CLEAN_UP_WORK_mxPuxPobStbxwZVj.jpeg',''),(160,4,22,'MA1200-1__IDENTIFIKASI_MOLD_lyXyUk1Sh79Hct1x.jpeg',''),(161,4,22,'MA1200-1__IDENTIFIKASI_MOLD_X2csUPLfTqyAaYLM.jpeg',''),(162,4,22,'MA1200-1__IDENTIFIKASI_MOLD_TpYNI57gq2zM40Ps.jpeg',''),(163,4,22,'MA1200-1__IDENTIFIKASI_MOLD_azMlPkxwHYToGdiO.jpeg',''),(164,4,22,'MA1200-1__IDENTIFIKASI_MOLD_AyLsNrX0yxNCoFRi.jpeg',''),(165,4,22,'MA1200-1__IDENTIFIKASI_MOLD_kqAsbxXsjEsFOU0b.jpeg',''),(166,4,23,'MA1200-1__IDENTIFIKASI_MOLD_3PxsX9lMvBQSV12N.jpeg',''),(167,4,23,'MA1200-1__IDENTIFIKASI_MOLD_URMXI0wUMWHeoQ2t.jpeg',''),(168,4,23,'MA1200-1__IDENTIFIKASI_MOLD_4lQMrS1l4fZ6D8Up.jpeg',''),(169,4,23,'MA1200-1__IDENTIFIKASI_MOLD_i4hzH89GPIRzZfo2.jpeg',''),(170,4,23,'MA1200-1__IDENTIFIKASI_MOLD_oP8eDdL7O7km30pm.jpeg',''),(171,4,23,'MA1200-1__IDENTIFIKASI_MOLD_AVh6j6is8Q73K8cu.jpeg',''),(172,4,23,'MA1200-1__IDENTIFIKASI_MOLD_4yE1c6gAaYwfejUb.jpeg',''),(173,4,23,'MA1200-1__IDENTIFIKASI_MOLD_2Y3iuXc147gSKDrk.jpeg',''),(174,4,23,'MA1200-1__IDENTIFIKASI_MOLD_kcyW5qYMAic6I57H.jpeg',''),(175,4,23,'MA1200-1__IDENTIFIKASI_MOLD_VWHx0OAUo3pfvZWK.jpeg',''),(176,4,23,'MA1200-1__IDENTIFIKASI_MOLD_PZNM7TefSE5eqLlV.jpeg',''),(177,4,23,'MA1200-1__IDENTIFIKASI_MOLD_6GeuN9TvDXh0fhAZ.jpeg',''),(178,4,23,'MA1200-1__IDENTIFIKASI_MOLD_gfWZOs3tneLhTjoT.jpeg',''),(179,4,23,'MA1200-1__IDENTIFIKASI_MOLD_jZq1t8QVj6bu1qtK.jpeg',''),(180,4,23,'MA1200-1__IDENTIFIKASI_MOLD_yCb3TthbUb9p7wB7.jpeg',''),(181,4,23,'MA1200-1__IDENTIFIKASI_MOLD_i9SVPKSsOymnd0cZ.jpeg',''),(182,4,23,'MA1200-1__IDENTIFIKASI_MOLD_BUCX1iEIl4fynzcn.jpeg',''),(183,4,23,'MA1200-1__IDENTIFIKASI_MOLD_sz420Xe2wvzQ79gv.jpeg',''),(184,4,23,'MA1200-1__IDENTIFIKASI_MOLD_EOPbgbtuCYuk8iYM.jpeg',''),(185,4,23,'MA1200-1__IDENTIFIKASI_MOLD_gZUvty9Z4DqwlzwY.jpeg',''),(186,4,23,'MA1200-1__IDENTIFIKASI_MOLD_esSz0lR5OKA9j4hO.jpeg',''),(187,4,23,'MA1200-1__IDENTIFIKASI_MOLD_GRidtaROr9Fb14hz.jpeg',''),(188,4,24,'MA1200-1__IDENTIFIKASI_MOLD_ho6eROZnHSPxAIog.jpeg',''),(189,4,24,'MA1200-1__IDENTIFIKASI_MOLD_R2ZYeJgbtVmPR1fu.jpeg',''),(190,4,24,'MA1200-1__IDENTIFIKASI_MOLD_fwNoilAvp38PbUbj.jpeg',''),(191,4,24,'MA1200-1__IDENTIFIKASI_MOLD_EdQruEx7e9U9CgU3.jpeg',''),(192,4,24,'MA1200-1__IDENTIFIKASI_MOLD_yHq1tijFnVsMwIf7.jpeg',''),(193,4,24,'MA1200-1__IDENTIFIKASI_MOLD_f50CgHRJiWd9t3Zd.jpeg',''),(194,4,24,'MA1200-1__IDENTIFIKASI_MOLD_yJqtj2gV0bfnbWvy.jpeg',''),(195,4,24,'MA1200-1__IDENTIFIKASI_MOLD_mrfcQfWNPiF1hdbq.jpeg',''),(196,4,24,'MA1200-1__IDENTIFIKASI_MOLD_7zOyIj3m9V2qs9Kk.jpeg',''),(197,4,24,'MA1200-1__IDENTIFIKASI_MOLD_wYhqVqLSA9dhs3Ht.jpeg',''),(198,4,24,'MA1200-1__IDENTIFIKASI_MOLD_IMSFHqbaezvRrtdf.jpeg',''),(199,4,24,'MA1200-1__IDENTIFIKASI_MOLD_ci7E2927JZRP5jhc.jpeg',''),(200,4,24,'MA1200-1__IDENTIFIKASI_MOLD_5zjLk1AM91gWMC8n.jpeg',''),(201,4,24,'MA1200-1__IDENTIFIKASI_MOLD_RJdm81hjxe9BmEYt.jpeg',''),(202,4,24,'MA1200-1__IDENTIFIKASI_MOLD_qi37h4cRMRwLaEUr.jpeg',''),(203,4,24,'MA1200-1__IDENTIFIKASI_MOLD_yJ0qzOmIaGu4THzB.jpeg',''),(204,4,24,'MA1200-1__IDENTIFIKASI_MOLD_rZruWJ4njaftZdVB.jpeg',''),(205,4,24,'MA1200-1__IDENTIFIKASI_MOLD_xcjbARH1zlyWMBWV.jpeg',''),(206,4,24,'MA1200-1__IDENTIFIKASI_MOLD_NxtM3Rs1rJWpE1v3.jpeg',''),(207,4,25,'MA1200-1__IDENTIFIKASI_MOLD_x0BZ3ne3kDMig8f2.jpeg',''),(208,4,25,'MA1200-1__IDENTIFIKASI_MOLD_V01NZ7p21ZebQGob.jpeg',''),(209,4,25,'MA1200-1__IDENTIFIKASI_MOLD_JesMdLPj5tN9gWfX.jpeg',''),(210,4,25,'MA1200-1__IDENTIFIKASI_MOLD_d3qBTItp5wIH1gQ1.jpeg',''),(211,4,25,'MA1200-1__IDENTIFIKASI_MOLD_YUXPn7GLx8lN9msT.jpeg',''),(212,4,25,'MA1200-1__IDENTIFIKASI_MOLD_j8K4BElhCHsDN126.jpeg',''),(213,4,25,'MA1200-1__IDENTIFIKASI_MOLD_j8QPzaTihEufaOAN.jpeg',''),(214,4,25,'MA1200-1__IDENTIFIKASI_MOLD_MtlEYUESXjAYXSX8.jpeg',''),(215,4,25,'MA1200-1__IDENTIFIKASI_MOLD_5c9PBaEnopdJOSXp.jpeg',''),(216,4,25,'MA1200-1__IDENTIFIKASI_MOLD_5pRWEpQczLYoIxYU.jpeg',''),(217,4,25,'MA1200-1__IDENTIFIKASI_MOLD_GkGaBxQ2alFlgzgQ.jpeg',''),(218,4,25,'MA1200-1__IDENTIFIKASI_MOLD_G9yMgGX4EeqRV2Ey.jpeg',''),(219,4,25,'MA1200-1__IDENTIFIKASI_MOLD_sqm5Tes4g63dGTiu.jpeg',''),(220,4,25,'MA1200-1__IDENTIFIKASI_MOLD_MBJuJnl1FVMuN96D.jpeg',''),(221,4,25,'MA1200-1__IDENTIFIKASI_MOLD_PbhCB9iFniToxgS2.jpeg',''),(222,4,25,'MA1200-1__IDENTIFIKASI_MOLD_BGNHxr3CLDwIy4Q4.jpeg',''),(223,5,26,'CLEAN_UP_WORK_tQ5oqpIYFPuwoWN7.jpeg',''),(224,5,26,'CLEAN_UP_WORK_aBMj6JZ3hIEOVMCj.jpeg',''),(225,5,26,'CLEAN_UP_WORK_y27cWhlAW8Gd7USx.jpeg',''),(226,5,26,'CLEAN_UP_WORK_3JofdR0etsB4mEeF.jpeg',''),(227,5,26,'CLEAN_UP_WORK_n1D6A1MVN2cmjtDS.jpeg',''),(228,5,26,'CLEAN_UP_WORK_a1Af6G3c0cm3FBbk.jpeg',''),(229,5,26,'CLEAN_UP_WORK_13C3GgvsG1OgLTgL.jpeg',''),(230,4,27,'MA1200-1__IDENTIFIKASI_MOLD_kW2c56rM4FlgNOCi.jpeg',''),(231,4,27,'MA1200-1__IDENTIFIKASI_MOLD_ZOGkfIxSj8dP9Mnj.jpeg',''),(232,4,27,'MA1200-1__IDENTIFIKASI_MOLD_TFG3iu9uEYnaPgKG.jpeg',''),(233,4,27,'MA1200-1__IDENTIFIKASI_MOLD_CfyU3MQqhFoJl3SN.jpeg',''),(234,4,27,'MA1200-1__IDENTIFIKASI_MOLD_C3fNhMZ7RKE5LVOc.jpeg',''),(235,4,27,'MA1200-1__IDENTIFIKASI_MOLD_6WBhJ93h1UiaGn6M.jpeg',''),(236,4,27,'MA1200-1__IDENTIFIKASI_MOLD_UqMflad6fxz7wHro.jpeg',''),(237,4,27,'MA1200-1__IDENTIFIKASI_MOLD_Z0x0UWIAkqAsbxXs.jpeg',''),(238,4,27,'MA1200-1__IDENTIFIKASI_MOLD_BXvxiAYk4z9eojy0.jpeg',''),(239,4,27,'MA1200-1__IDENTIFIKASI_MOLD_4Jn4LDdx1upxNtTH.jpeg',''),(240,4,27,'MA1200-1__IDENTIFIKASI_MOLD_8nhysXT9QUXV0uc4.jpeg',''),(241,4,27,'MA1200-1__IDENTIFIKASI_MOLD_LexIeVrSI72oACko.jpeg',''),(242,4,27,'MA1200-1__IDENTIFIKASI_MOLD_h21f1Qmyo7rQaARs.jpeg',''),(243,4,27,'MA1200-1__IDENTIFIKASI_MOLD_Us5Cdk1l45HriQas.jpeg',''),(244,4,27,'MA1200-1__IDENTIFIKASI_MOLD_Mva8E1J9QnTlW1PU.jpeg',''),(245,4,27,'MA1200-1__IDENTIFIKASI_MOLD_px5YV0h2bxEvTrmS.jpeg',''),(246,4,27,'MA1200-1__IDENTIFIKASI_MOLD_3qZlAcT6zoUxuryr.jpeg',''),(247,4,27,'MA1200-1__IDENTIFIKASI_MOLD_93h1UiaGn6MhmTNd.jpeg',''),(248,4,27,'MA1200-1__IDENTIFIKASI_MOLD_M96Q2UPRPyBUCX1i.jpeg',''),(249,4,27,'MA1200-1__IDENTIFIKASI_MOLD_myo7rQaARsJDGfQK.jpeg',''),(250,4,27,'MA1200-1__IDENTIFIKASI_MOLD_Jj9vMPjSb0dzdhBz.jpeg',''),(251,4,27,'MA1200-1__IDENTIFIKASI_MOLD_9x5KIOS980ZMYo6M.jpeg',''),(252,4,27,'MA1200-1__IDENTIFIKASI_MOLD_xUMuzQJj9vMPjSb0.jpeg',''),(253,4,27,'MA1200-1__IDENTIFIKASI_MOLD_fBJIPH2nfe3RsPZ6.jpeg',''),(255,5,28,'CLEAN_UP_WORK_WJl45gZUvty9Z4Dq.jpeg',''),(256,5,28,'CLEAN_UP_WORK_Or9Fb14hzgpuliPT.jpeg',''),(257,5,28,'CLEAN_UP_WORK_zr2m0JvWOD1dIHca.jpeg',''),(258,5,28,'CLEAN_UP_WORK_xnbWJfhFJrUQwxhM.jpeg',''),(259,5,28,'CLEAN_UP_WORK_CpMfMtraMqwS3gBz.jpeg',''),(260,5,28,'CLEAN_UP_WORK_qBgtLpSiDzDU5NJf.jpeg',''),(261,5,28,'CLEAN_UP_WORK_mMDv6NbQf8fdDwtf.jpeg',''),(262,5,28,'CLEAN_UP_WORK_DsyF8T2ZL4rfD8an.jpeg',''),(263,5,28,'CLEAN_UP_WORK_67feQXLfNUAosXqQ.jpeg',''),(264,5,28,'CLEAN_UP_WORK_z7dKbRgbn0hPhRVj.jpeg',''),(265,5,29,'CLEAN_UP_WORK_1uvJBFBIn507KT6b.jpeg',''),(266,5,29,'CLEAN_UP_WORK_0SCrmrGueADGM5MP.jpeg',''),(267,5,29,'CLEAN_UP_WORK_U6yDCjPA6tfsLRkx.jpeg',''),(268,5,29,'CLEAN_UP_WORK_u0iWw6APfQEBoYNz.jpeg',''),(269,5,29,'CLEAN_UP_WORK_pZayk5UTmjCAiWLm.jpeg',''),(270,5,29,'CLEAN_UP_WORK_8Kf5kVum9CgskXED.jpeg',''),(271,5,29,'CLEAN_UP_WORK_ZuLDLb3mErqCa9ph.jpeg',''),(272,5,29,'CLEAN_UP_WORK_iPBHU8tjDfwUlpMN.jpeg',''),(273,5,29,'CLEAN_UP_WORK_MReavKOSvWhYymtN.jpeg',''),(274,7,30,'PEMERIKSAAN_KEBOCORAN_FACTORY__x6S0KLJbSIu2fOJf.jpeg',''),(275,7,30,'PEMERIKSAAN_KEBOCORAN_FACTORY__dZQzHWRK98FvAvW7.jpeg',''),(276,7,31,'PEMERIKSAAN_KEBOCORAN_FACTORY__QmfrqUKnkne4LWaD.jpeg',''),(277,7,31,'PEMERIKSAAN_KEBOCORAN_FACTORY__oGE1cTOw5r4hId6H.jpeg',''),(278,7,31,'PEMERIKSAAN_KEBOCORAN_FACTORY__JXdVODcvWmJUu6gl.jpeg',''),(279,7,31,'PEMERIKSAAN_KEBOCORAN_FACTORY__DeYI9LeGrpOhSJcZ.jpeg',''),(280,7,31,'PEMERIKSAAN_KEBOCORAN_FACTORY__1f1oUkJPxTE53Y8F.jpeg',''),(281,7,31,'PEMERIKSAAN_KEBOCORAN_FACTORY__d0ivF0sDTMpRWdXC.jpeg',''),(282,5,32,'CLEAN_UP_WORK_nUflUHJFybzFPbOF.jpeg',''),(283,5,32,'CLEAN_UP_WORK_vlJ7PueSYEVfSwjg.jpeg',''),(284,5,32,'CLEAN_UP_WORK_JshchCapUj7oVSqH.jpeg',''),(285,5,32,'CLEAN_UP_WORK_xAgVSwdvCcSfnuTB.jpeg',''),(286,5,32,'CLEAN_UP_WORK_2uD4qAGhRog0NZns.jpeg',''),(287,5,32,'CLEAN_UP_WORK_Z0G7ksOxBUO9Sic6.jpeg',''),(288,5,32,'CLEAN_UP_WORK_cune972iQgc4Nvm8.jpeg',''),(289,8,33,'PEMERIKSAAN_KEBOCORAN_FACTORY__0kqmApTElhazeig8.jpeg',''),(290,8,33,'PEMERIKSAAN_KEBOCORAN_FACTORY__DflI8XMtZFPiLMVz.jpeg',''),(291,8,33,'PEMERIKSAAN_KEBOCORAN_FACTORY__oNO7MTyQ1zS2Gz6j.jpeg',''),(292,5,34,'CLEAN_UP_WORK_o5FXNnDQ3zLqZxrd.jpeg',''),(293,5,34,'CLEAN_UP_WORK_5bdsTCkDSBFsLXi4.jpeg',''),(296,6,35,'MA1200-1__INJECTION_MACHINE_TRIAL_-_POWER_ON_bf7YmH5iBfzhdoRE.jpeg',''),(297,6,35,'MA1200-1__INJECTION_MACHINE_TRIAL_-_POWER_ON_HXLyKkXufyVeLO9l.jpeg',''),(298,6,35,'MA1200-1__INJECTION_MACHINE_TRIAL_-_POWER_ON_9uFA6ovNDERLk1le.jpeg',''),(299,6,35,'MA1200-1__INJECTION_MACHINE_TRIAL_-_POWER_ON_W8ZaMrYkGBsthDnp.jpeg',''),(300,6,35,'MA1200-1__INJECTION_MACHINE_TRIAL_-_POWER_ON_TzXrvLCkJoGXxsqU.jpeg',''),(301,7,36,'PEMERIKSAAN_KEBOCORAN_FACTORY__To4Rx06DERw3EGLG.jpeg',''),(302,7,36,'PEMERIKSAAN_KEBOCORAN_FACTORY__ujJosqBNXNgrcgHL.jpeg',''),(303,7,36,'PEMERIKSAAN_KEBOCORAN_FACTORY__aKpSKWDiByKfmPXl.jpeg',''),(304,7,36,'PEMERIKSAAN_KEBOCORAN_FACTORY__sO59bzLA8WSFNb8i.jpeg',''),(305,7,36,'PEMERIKSAAN_KEBOCORAN_FACTORY__OBCLuz3bxdFM6Z1U.jpeg',''),(306,7,36,'PEMERIKSAAN_KEBOCORAN_FACTORY__hqiqVF4EfRjWvsZx.jpeg',''),(307,5,37,'CLEAN_UP_WORK_9ONIrVEqdDRLwbDf.jpeg',''),(308,5,37,'CLEAN_UP_WORK_SKWDiByKfmPXlB3f.jpeg',''),(309,5,37,'CLEAN_UP_WORK_fulceyVFxsq62j2y.jpeg',''),(310,5,37,'CLEAN_UP_WORK_e4erYMx8A6uHBZwR.jpeg',''),(311,5,37,'CLEAN_UP_WORK_gTRSVPj0etGtpHXk.jpeg',''),(312,5,37,'CLEAN_UP_WORK_XueMCQ0xSRmfGYGp.jpeg',''),(313,5,37,'CLEAN_UP_WORK_cqTvD9zNAO4WhScx.jpeg',''),(314,5,37,'CLEAN_UP_WORK_BAQmfrqUKnkne4LW.jpeg',''),(315,8,38,'MA2000-1_IDENTIFIKASI_MOLD_0Rt87xBV1QgDJye8.jpeg',''),(316,5,40,'CLEAN_UP_WORK_fo8TK8ueTAWjA0pg.jpeg',''),(317,5,40,'CLEAN_UP_WORK_6x6MnWzbaxLsaSzA.jpeg',''),(318,5,40,'CLEAN_UP_WORK_wTYEuNER3nkOYZ5i.jpeg',''),(319,5,40,'CLEAN_UP_WORK_K0pN6YntMwhMsfzu.jpeg',''),(320,5,40,'CLEAN_UP_WORK_In507KT6bi2g7SpB.jpeg',''),(321,5,40,'CLEAN_UP_WORK_Jt8obDMPK0WQpBh6.jpeg',''),(322,5,40,'CLEAN_UP_WORK_hg2uWnW6M76YCRfV.jpeg',''),(323,5,40,'CLEAN_UP_WORK_v29EI4nKtPGWSXjZ.jpeg',''),(324,6,41,'MA1200-1__INJECTION_MACHINE_TRIAL_-_POWER_ON_Kywre7sw9tpNtZd7.jpeg',''),(325,6,41,'MA1200-1__INJECTION_MACHINE_TRIAL_-_POWER_ON_WL6Hr89MNP2CG5jO.jpeg',''),(326,6,41,'MA1200-1__INJECTION_MACHINE_TRIAL_-_POWER_ON_WsS7VZomPp70BG6X.jpeg',''),(327,6,41,'MA1200-1__INJECTION_MACHINE_TRIAL_-_POWER_ON_XEQ8XGXltghqPUX7.jpeg',''),(328,6,41,'MA1200-1__INJECTION_MACHINE_TRIAL_-_POWER_ON_jCAKoZHdnwtNE3K2.jpeg',''),(329,6,41,'MA1200-1__INJECTION_MACHINE_TRIAL_-_POWER_ON_AUPjlw8majEtrgie.jpeg',''),(330,6,41,'MA1200-1__INJECTION_MACHINE_TRIAL_-_POWER_ON_2i8KfTSHO6FEKmKC.jpeg',''),(331,6,41,'MA1200-1__INJECTION_MACHINE_TRIAL_-_POWER_ON_HAThnB1Fn7ZIEUrA.jpeg',''),(332,6,41,'MA1200-1__INJECTION_MACHINE_TRIAL_-_POWER_ON_IaYF1bs6iZAkwWgx.jpeg',''),(333,6,41,'MA1200-1__INJECTION_MACHINE_TRIAL_-_POWER_ON_Ba03IhQ1mTrT81hK.jpeg',''),(334,6,41,'MA1200-1__INJECTION_MACHINE_TRIAL_-_POWER_ON_0FC7hkfB1L0uv1Ez.jpeg',''),(335,6,41,'MA1200-1__INJECTION_MACHINE_TRIAL_-_POWER_ON_1Xdjayqp1by4o0Nr.jpeg',''),(336,6,41,'MA1200-1__INJECTION_MACHINE_TRIAL_-_POWER_ON_gvGMTfTkcMEqLrTD.jpeg',''),(337,6,41,'MA1200-1__INJECTION_MACHINE_TRIAL_-_POWER_ON_Zru9bHIQUcFf3pMa.jpeg',''),(338,6,41,'MA1200-1__INJECTION_MACHINE_TRIAL_-_POWER_ON_MxCJIoynIxk6l1Ft.jpeg',''),(339,6,41,'MA1200-1__INJECTION_MACHINE_TRIAL_-_POWER_ON_euAX2uokmRStVCQR.jpeg',''),(340,8,42,'MA2000-1_IDENTIFIKASI_MOLD_g9r26VH48UkhVRk3.jpeg',''),(341,8,42,'MA2000-1_IDENTIFIKASI_MOLD_4Tsg70TDLuOjNRwj.jpeg',''),(342,8,42,'MA2000-1_IDENTIFIKASI_MOLD_mSfUxDoE8mBQA4tn.jpeg',''),(343,8,42,'MA2000-1_IDENTIFIKASI_MOLD_gskXEDW6F9yxyU3k.jpeg',''),(344,8,42,'MA2000-1_IDENTIFIKASI_MOLD_c2MReavKOSvWhYym.jpeg',''),(345,8,42,'MA2000-1_IDENTIFIKASI_MOLD_1W9BsaMFeEXzI3Ok.jpeg',''),(346,7,43,'PEMERIKSAAN_KEBOCORAN_FACTORY__mMhN18pJkEZhpuY8.jpeg',''),(347,7,43,'PEMERIKSAAN_KEBOCORAN_FACTORY__TPLGl5TrTVhTpYyg.jpeg',''),(348,7,43,'PEMERIKSAAN_KEBOCORAN_FACTORY__dpwmCX17v5GMm1Rt.jpeg',''),(349,7,43,'PEMERIKSAAN_KEBOCORAN_FACTORY__GVLhmg5pe8gqoOu4.jpeg',''),(350,7,43,'PEMERIKSAAN_KEBOCORAN_FACTORY__Vs4z3I1NG0ZeulEx.jpeg',''),(351,8,38,'MA2000-1_IDENTIFIKASI_MOLD_KoMhBmY7RWpWMtAX.jpeg',''),(352,8,38,'MA2000-1_IDENTIFIKASI_MOLD_kPrWL6Hr89MNP2CG.jpeg',''),(353,8,38,'MA2000-1_IDENTIFIKASI_MOLD_YK0DTZpbIVcEr0qV.jpeg',''),(354,8,38,'MA2000-1_IDENTIFIKASI_MOLD_sJDsxepFWsS7VZom.jpeg',''),(355,5,44,'CLEAN_UP_WORK_Oifu5ZuKb4NX6LtU.jpeg',''),(356,5,44,'CLEAN_UP_WORK_c2xks7cDMo3v2jvE.jpeg',''),(357,5,44,'CLEAN_UP_WORK_NhSvun3FZIWpJ0Xd.jpeg',''),(358,5,44,'CLEAN_UP_WORK_VyourHoIMrYMZPOa.jpeg',''),(359,5,44,'CLEAN_UP_WORK_FXHQP5KzquXWeFky.jpeg',''),(360,5,45,'CLEAN_UP_WORK_wsFO7SpmjzyHRI8E.jpeg',''),(361,5,45,'CLEAN_UP_WORK_Vkhu9WXmIHJdgNUY.jpeg',''),(362,5,45,'CLEAN_UP_WORK_qtj2gV0bfnbWvyvl.jpeg',''),(363,5,45,'CLEAN_UP_WORK_8lg63FZhEbKcGZHJ.jpeg',''),(364,5,45,'CLEAN_UP_WORK_2f1DBWoi5VsxdEwI.jpeg',''),(365,5,45,'CLEAN_UP_WORK_UR4CL1Lqxfd9CNXm.jpeg',''),(366,5,45,'CLEAN_UP_WORK_oQiYkMXgFQDImfyC.jpeg',''),(367,5,46,'CLEAN_UP_WORK_EgYagP7LsfCVIZ4u.jpeg',''),(368,5,46,'CLEAN_UP_WORK_cvIaYF1bs6iZAkwW.jpeg',''),(369,5,46,'CLEAN_UP_WORK_iR7oW50VdXoPWxIM.jpeg',''),(370,9,47,'PEMERIKSAAN_ELEKTRIK_ROOM__Wy1IipBgUd4xQ8wZ.jpeg',''),(371,9,47,'PEMERIKSAAN_ELEKTRIK_ROOM__ubwjz4inZVQqOIXw.jpeg',''),(372,9,47,'PEMERIKSAAN_ELEKTRIK_ROOM__4yWMaDHG8Fpo7ANr.jpeg',''),(373,9,47,'PEMERIKSAAN_ELEKTRIK_ROOM__51Xd8IjL97dcwPpC.jpeg',''),(400,5,48,'CLEAN_UP_WORK_aWE9mZ8wfMzphw5e.jpeg',''),(401,5,48,'CLEAN_UP_WORK_TZjR6bvc98qc7CiI.jpeg',''),(402,5,48,'CLEAN_UP_WORK_Arm5rMeYzB5HA5Oj.jpeg',''),(403,5,48,'CLEAN_UP_WORK_u5BDY7kHURIoH0G7.jpeg',''),(404,5,48,'CLEAN_UP_WORK_QPNHFC1KwJTzqCtT.jpeg',''),(405,5,48,'CLEAN_UP_WORK_JuiVXUYbOYHjk3Ta.jpeg',''),(406,5,48,'CLEAN_UP_WORK_K3MK6B7b104n3XvG.jpeg',''),(407,5,48,'CLEAN_UP_WORK_FZ6K6aPfiyrjdncL.jpeg',''),(408,5,48,'CLEAN_UP_WORK_LmEdSMFLsZqhwr4P.jpeg',''),(409,5,48,'CLEAN_UP_WORK_FhS2GbOxanTqHWXg.jpeg',''),(410,6,49,'MA1200-1__INJECTION_MACHINE_TRIAL_-_POWER_ON_4oXTLPeJNFwNufsk.jpeg',''),(411,6,49,'MA1200-1__INJECTION_MACHINE_TRIAL_-_POWER_ON_tyXGpi04ndq0lMKt.jpeg',''),(412,6,49,'MA1200-1__INJECTION_MACHINE_TRIAL_-_POWER_ON_vMigjxFQPHvRqIKR.jpeg',''),(413,6,49,'MA1200-1__INJECTION_MACHINE_TRIAL_-_POWER_ON_zFouSyjZX4ckJiJR.jpeg',''),(420,8,51,'MA2000-1_IDENTIFIKASI_MOLD_zHDU5l1RUVgGE7yI.mp4',''),(421,8,51,'MA2000-1_IDENTIFIKASI_MOLD_DhgQcIpBOky0r1TD.mp4',''),(422,6,52,'MA1200-1__INJECTION_MACHINE_TRIAL_-_POWER_ON_suoRQTJIPfjZ0x0U.jpeg',''),(423,6,52,'MA1200-1__INJECTION_MACHINE_TRIAL_-_POWER_ON_2sVWy1t24hNbP4pR.jpeg',''),(424,6,52,'MA1200-1__INJECTION_MACHINE_TRIAL_-_POWER_ON_my848nhysXT9QUXV.jpeg',''),(425,6,52,'MA1200-1__INJECTION_MACHINE_TRIAL_-_POWER_ON_0ng0zr2OSXQDHAMk.jpeg',''),(426,6,52,'MA1200-1__INJECTION_MACHINE_TRIAL_-_POWER_ON_yIxFXNOVfYhEov5G.jpeg',''),(427,6,52,'MA1200-1__INJECTION_MACHINE_TRIAL_-_POWER_ON_lW1PUdryGK4TZjqm.jpeg',''),(428,5,53,'CLEAN_UP_WORK_Z8dJOrEbPMmhUdqM.jpeg',''),(429,5,53,'CLEAN_UP_WORK_RASBGTdlDkCrAxkB.jpeg',''),(430,5,53,'CLEAN_UP_WORK_fXmzK4HaZ4uIOAOS.jpeg',''),(431,5,53,'CLEAN_UP_WORK_2eOux28p70mYJ3yq.jpeg',''),(432,5,53,'CLEAN_UP_WORK_rx49JEgF28oVrY4c.jpeg',''),(433,5,54,'CLEAN_UP_WORK_i0f7rLqfJgzbH16W.jpeg',''),(434,5,54,'CLEAN_UP_WORK_I8phqiqVF4EfRjWv.jpeg',''),(435,5,54,'CLEAN_UP_WORK_7pjfbW2Kj8jlxi5o.jpeg',''),(436,5,54,'CLEAN_UP_WORK_EJf7YOaIDsZw4kDl.jpeg',''),(437,5,54,'CLEAN_UP_WORK_4xi5CwhH80rhWwgS.jpeg',''),(438,5,54,'CLEAN_UP_WORK_y9f2KQASOqve01fu.jpeg',''),(439,5,54,'CLEAN_UP_WORK_IqIdOdoeQEOP1ONO.jpeg',''),(440,5,54,'CLEAN_UP_WORK_7CJzriRCAKQrV9Up.jpeg',''),(441,4,55,'MA1200-1__IDENTIFIKASI_MOLD_krgo18WlCdxDVHxl.jpeg',''),(442,6,56,'MA1200-1__INJECTION_MACHINE_TRIAL_-_POWER_ON_wuGHvknYhXAsCr5b.jpeg',''),(443,6,56,'MA1200-1__INJECTION_MACHINE_TRIAL_-_POWER_ON_rnfAa0Ft0QOZOZgv.jpeg',''),(444,5,57,'CLEAN_UP_WORK_kSNLaWEWTLcFlOdi.jpeg',''),(445,5,57,'CLEAN_UP_WORK_jZSuPqc6aP5QkL3k.jpeg',''),(446,5,57,'CLEAN_UP_WORK_O70Uoe9tRGPIqhLA.jpeg',''),(447,5,57,'CLEAN_UP_WORK_a3O9NZOBz0Ak089x.jpeg',''),(448,5,58,'CLEAN_UP_WORK_JVizNHMA8vA2suDk.jpeg',''),(449,5,58,'CLEAN_UP_WORK_pytRBemiU2Y9SPfo.jpeg',''),(450,5,58,'CLEAN_UP_WORK_J7JA9KLvtgnbvckP.jpeg',''),(451,5,58,'CLEAN_UP_WORK_DZ2zlME9gpcoS3Nq.jpeg',''),(452,7,59,'PEMERIKSAAN_KEBOCORAN_FACTORY__36B8CINYUvVHM5k7.jpeg',''),(453,7,59,'PEMERIKSAAN_KEBOCORAN_FACTORY__Kd5rfboMIsipIebD.jpeg',''),(454,7,59,'PEMERIKSAAN_KEBOCORAN_FACTORY__B67f39JqyTXoiTDe.jpeg',''),(455,7,59,'PEMERIKSAAN_KEBOCORAN_FACTORY__XDJHbNLHZy0NYBaX.jpeg',''),(456,7,59,'PEMERIKSAAN_KEBOCORAN_FACTORY__oIGVk1rPsdaiwXtY.jpeg',''),(457,7,59,'PEMERIKSAAN_KEBOCORAN_FACTORY__BxWNO8xmCvhsQNOQ.jpeg',''),(458,7,59,'PEMERIKSAAN_KEBOCORAN_FACTORY__6YBa9R1TuJtVNifW.jpeg',''),(459,7,59,'PEMERIKSAAN_KEBOCORAN_FACTORY__OvAcZpUwhGWqdCp4.jpeg',''),(460,7,59,'PEMERIKSAAN_KEBOCORAN_FACTORY__XJM9hjFz7KNK6aoN.jpeg',''),(461,7,59,'PEMERIKSAAN_KEBOCORAN_FACTORY__oSw23gtF5wa2fbVP.jpeg',''),(462,7,59,'PEMERIKSAAN_KEBOCORAN_FACTORY__NabmR0YX5pLlihEI.jpeg',''),(463,7,59,'PEMERIKSAAN_KEBOCORAN_FACTORY__ZOZgve4FAmre18R1.jpeg',''),(464,5,60,'CLEAN_UP_WORK_KywGLsMFvTGUES02.jpeg',''),(465,5,60,'CLEAN_UP_WORK_spHjLjPr9dJmY16i.jpeg',''),(466,5,60,'CLEAN_UP_WORK_k7uGyURSu7Vex1JX.jpeg',''),(467,5,60,'CLEAN_UP_WORK_n8NabmR0YX5pLlih.jpeg',''),(468,5,60,'CLEAN_UP_WORK_xY6wz80sJpAB0W9T.jpeg',''),(469,5,60,'CLEAN_UP_WORK_IYScfBh1BlKuhIw3.jpeg',''),(470,5,60,'CLEAN_UP_WORK_MNceHSWJyeWgxHqb.jpeg',''),(471,5,60,'CLEAN_UP_WORK_AiDOWZnB7bSHIjRs.jpeg',''),(472,5,60,'CLEAN_UP_WORK_2OMmu6rk2GzUQqbs.jpeg',''),(473,5,60,'CLEAN_UP_WORK_TJh7REsGznN8yznO.jpeg',''),(474,5,60,'CLEAN_UP_WORK_wKaqm65x7ZOyzNs4.jpeg',''),(475,5,60,'CLEAN_UP_WORK_2Vuz9MTlpYy5ELHs.jpeg',''),(476,5,60,'CLEAN_UP_WORK_4v1v3Ypur5DqLSlR.jpeg',''),(477,5,60,'CLEAN_UP_WORK_3z0rPBzXrWdQF1iE.jpeg',''),(478,5,60,'CLEAN_UP_WORK_GYZB5zQOTd5YiLRG.jpeg',''),(479,5,60,'CLEAN_UP_WORK_ag1PZNM7TefSE5eq.jpeg',''),(480,5,60,'CLEAN_UP_WORK_5kV5MhNmhtKcrGDb.jpeg',''),(481,7,61,'PEMERIKSAAN_KEBOCORAN_FACTORY__EWs4Oj5VgMBDYVR4.jpeg',''),(482,7,61,'PEMERIKSAAN_KEBOCORAN_FACTORY__rxkmL760UQwMO9AN.jpeg',''),(483,7,61,'PEMERIKSAAN_KEBOCORAN_FACTORY__ZEC8tL8CO95c9otM.jpeg',''),(484,7,61,'PEMERIKSAAN_KEBOCORAN_FACTORY__m19wx7fkmMhN18pJ.jpeg',''),(485,7,61,'PEMERIKSAAN_KEBOCORAN_FACTORY__IaGVLhmg5pe8gqoO.jpeg',''),(486,7,61,'PEMERIKSAAN_KEBOCORAN_FACTORY__5W6Y6EK6HTPMs5Iz.jpeg',''),(487,7,61,'PEMERIKSAAN_KEBOCORAN_FACTORY__1sW8HEOixejU1kFm.jpeg',''),(488,7,61,'PEMERIKSAAN_KEBOCORAN_FACTORY__LyQ7LGNy1bf7YmH5.jpeg',''),(489,7,61,'PEMERIKSAAN_KEBOCORAN_FACTORY__T35HT2e7ZzsWjZSu.jpeg',''),(490,7,61,'PEMERIKSAAN_KEBOCORAN_FACTORY__OFKTOwg0HDzW4dxu.jpeg',''),(491,7,61,'PEMERIKSAAN_KEBOCORAN_FACTORY__E6TLKV7TYJesMdLP.jpeg',''),(492,7,62,'PEMERIKSAAN_KEBOCORAN_FACTORY__TFfjUPR2HCgB6UMo.jpeg',''),(493,7,62,'PEMERIKSAAN_KEBOCORAN_FACTORY__gdpdpwAuJVP37uGN.jpeg',''),(494,7,62,'PEMERIKSAAN_KEBOCORAN_FACTORY__PMZ83cSZ3OLy2PZm.jpeg',''),(495,7,62,'PEMERIKSAAN_KEBOCORAN_FACTORY__X5kbGaUugNgYfQvE.jpeg',''),(496,7,62,'PEMERIKSAAN_KEBOCORAN_FACTORY__HYSDxPDh6jg17c81.jpeg',''),(497,7,62,'PEMERIKSAAN_KEBOCORAN_FACTORY__HzZ5Vacg6LCp4KOk.jpeg',''),(498,7,62,'PEMERIKSAAN_KEBOCORAN_FACTORY__TqHWXgwTxvfrX5Re.jpeg',''),(499,7,62,'PEMERIKSAAN_KEBOCORAN_FACTORY__S2AFabsnyuF5LInA.jpeg',''),(500,9,64,'ELEKTRIK_ROOM__XsLX7l6O8xNUADZJ.jpeg',''),(501,9,64,'ELEKTRIK_ROOM__YlZXq2IJKWfSKQSC.jpeg',''),(502,9,64,'ELEKTRIK_ROOM__KLvUy27cWhlAW8Gd.jpeg',''),(503,9,64,'ELEKTRIK_ROOM__hFiYGuF5j1ZfDiUJ.jpeg',''),(504,9,64,'ELEKTRIK_ROOM__6dw7GdJ6uyEJZL4G.jpeg',''),(505,9,65,'ELEKTRIK_ROOM__ftGgEoWMUTl9uwDp.jpeg',''),(506,9,65,'ELEKTRIK_ROOM__0GJwdqfJ5hNmJBY9.jpeg',''),(507,9,65,'ELEKTRIK_ROOM__QMrS1l4fZ6D8UpS2.jpeg',''),(508,9,65,'ELEKTRIK_ROOM__OD1dIHcawjaMwIGO.jpeg',''),(509,9,65,'ELEKTRIK_ROOM__UaEBuJt8obDMPK0W.jpeg',''),(510,9,65,'ELEKTRIK_ROOM__x8MfMHZMr04UgZmf.jpeg',''),(511,9,65,'ELEKTRIK_ROOM__9xrkqN5LCRMYuRAS.jpeg',''),(512,9,65,'ELEKTRIK_ROOM__76YCRfVAoGFcuhtd.jpeg',''),(513,9,65,'ELEKTRIK_ROOM__RmGZmlW1oBPLHNhN.jpeg',''),(514,9,65,'ELEKTRIK_ROOM__7BU7BCMVIG7eWabT.jpeg',''),(515,9,65,'ELEKTRIK_ROOM__3iVpqWkzeoQcBw1p.jpeg',''),(516,9,65,'ELEKTRIK_ROOM__7EcpxNVlVnp2cTBL.jpeg',''),(517,9,65,'ELEKTRIK_ROOM__FepqDnjHidCXhlxv.jpeg',''),(518,9,65,'ELEKTRIK_ROOM__EkI1NrRnAbfBJIPH.jpeg',''),(519,9,65,'ELEKTRIK_ROOM__qbUtTnEXHd1WLNdp.jpeg',''),(520,9,65,'ELEKTRIK_ROOM__sDTy9f2KQASOqve0.jpeg',''),(521,9,65,'ELEKTRIK_ROOM__E0Cl2xRvqF8ZNhls.jpeg',''),(522,9,65,'ELEKTRIK_ROOM__jvde4Gl6Ah2OMmu6.jpeg',''),(523,9,65,'ELEKTRIK_ROOM__23Hnmo9Bsz420Xe2.jpeg',''),(524,9,65,'ELEKTRIK_ROOM__mi6Kmd0JcAQ5PXla.jpeg',''),(525,9,65,'ELEKTRIK_ROOM__P90lLiayS8E7fwmV.jpeg',''),(526,9,65,'ELEKTRIK_ROOM__KHt82CfNn85Edq42.jpeg',''),(527,9,65,'ELEKTRIK_ROOM__RLjPTQroTSyRps9X.jpeg',''),(528,9,65,'ELEKTRIK_ROOM__Oue5rS1Mt6n86qwr.jpeg',''),(529,9,65,'ELEKTRIK_ROOM__snGFDvOKrmlu7ISC.jpeg',''),(530,9,65,'ELEKTRIK_ROOM__bmek1YScGTvVsfIG.jpeg',''),(531,9,65,'ELEKTRIK_ROOM__eGwZtpfdEYCtUO95.jpeg',''),(532,9,65,'ELEKTRIK_ROOM__yaOYUKC4rNr0RCS5.jpeg',''),(533,9,65,'ELEKTRIK_ROOM__NKBwcjDTfmhsjKdl.jpeg',''),(534,9,65,'ELEKTRIK_ROOM__gKZQCTHgEcvuU6yD.jpeg',''),(535,9,65,'ELEKTRIK_ROOM__LjhoO1PazfKyLZQa.jpeg',''),(536,9,65,'ELEKTRIK_ROOM__85KzRCl2L9hKYDb2.jpeg',''),(537,9,65,'ELEKTRIK_ROOM__3sUJOYtdHmfAnkht.jpeg',''),(538,9,65,'ELEKTRIK_ROOM__iuW1ipazYMrlLiCG.mp4',''),(539,9,65,'ELEKTRIK_ROOM__1xkUOqi4hzH89GPI.jpeg',''),(540,9,65,'ELEKTRIK_ROOM__tY8YlTB3faIoZUDF.jpeg',''),(541,9,65,'ELEKTRIK_ROOM__mCE4qYyTw8mB2SOY.jpeg',''),(542,9,65,'ELEKTRIK_ROOM__wAz51XFQWF325zjL.jpeg',''),(543,9,65,'ELEKTRIK_ROOM__EDvn2dH529wLnRE6.mp4',''),(544,9,65,'ELEKTRIK_ROOM__3dGrQgvx1VWse6fL.jpeg',''),(545,9,65,'ELEKTRIK_ROOM__1mTrT81hKFsdsfCu.jpeg',''),(546,9,65,'ELEKTRIK_ROOM__StuCwbWc2eOux28p.jpeg',''),(547,5,66,'CLEAN_UP_WORK_Jp6RdOvAcZpUwhGW.jpeg',''),(548,5,66,'CLEAN_UP_WORK_3SgIFb7oD8t9WkNk.jpeg',''),(549,5,66,'CLEAN_UP_WORK_K6U4rMGqDhlB9QV9.jpeg',''),(550,5,67,'CLEAN_UP_WORK_EK6HTPMs5IzYNT4Z.jpeg',''),(551,5,67,'CLEAN_UP_WORK_706VZP6dLn39cBwc.jpeg',''),(552,10,68,'TRIAL_MOLD_MA_2000_HANGING_GEL__3LpXTj8QogMy2oGY.jpeg',''),(553,8,51,'MA2000-1_IDENTIFIKASI_MOLD_iAY9lcxvlc4fHkGz.jpeg',''),(554,8,51,'MA2000-1_IDENTIFIKASI_MOLD_7VYCUBKPGDuy9xlz.jpeg',''),(555,10,69,'TRIAL_MOLD_MA_2000_HANGING_GEL__R367MhABFswpwY1m.jpeg',''),(556,10,69,'TRIAL_MOLD_MA_2000_HANGING_GEL__2csUPLfTqyAaYLMQ.jpeg',''),(557,10,69,'TRIAL_MOLD_MA_2000_HANGING_GEL__PW0HVwmPjkLoY63L.jpeg',''),(558,10,69,'TRIAL_MOLD_MA_2000_HANGING_GEL__j7urHCz9LrSb4HBG.jpeg',''),(559,10,69,'TRIAL_MOLD_MA_2000_HANGING_GEL__Q5PXlajRTJh7REsG.jpeg',''),(560,10,69,'TRIAL_MOLD_MA_2000_HANGING_GEL__06QCBvi62pNnCpkl.jpeg',''),(561,10,69,'TRIAL_MOLD_MA_2000_HANGING_GEL__19wx7fkmMhN18pJk.jpeg',''),(562,10,69,'TRIAL_MOLD_MA_2000_HANGING_GEL__mB2SOYag1PZNM7Te.jpeg',''),(563,10,70,'TRIAL_MOLD_MA_2000_HANGING_GEL__sRUb35aoyngfWZOs.jpeg',''),(564,10,70,'TRIAL_MOLD_MA_2000_HANGING_GEL__CsHCOp8Mli7v5rf1.jpeg',''),(565,10,70,'TRIAL_MOLD_MA_2000_HANGING_GEL__zLYD1j3nknFLZ2H7.jpeg',''),(566,10,71,'TRIAL_MOLD_MA_2000_HANGING_GEL__yaOxB7hMyPV3sH7d.jpeg',''),(567,10,71,'TRIAL_MOLD_MA_2000_HANGING_GEL__sGu3rzlfBO4vPE8G.jpeg',''),(568,10,72,'TRIAL_MOLD_MA_2000_HANGING_GEL__yxmtakjpHphXlZ90.jpeg',''),(569,10,72,'TRIAL_MOLD_MA_2000_HANGING_GEL__ihpbraNSFgYN6x7x.jpeg',''),(570,10,72,'TRIAL_MOLD_MA_2000_HANGING_GEL__L8VLORivFYazxfwT.jpeg',''),(574,11,74,'MACHINE_COOLING_TOWER_8IdzKkvcRSnkhIFz.jpeg',''),(575,11,74,'MACHINE_COOLING_TOWER_QtpMHGPbnxhGvYPh.jpeg',''),(576,11,74,'MACHINE_COOLING_TOWER_k5U5xircUhtLE0Ui.jpeg',''),(577,11,74,'MACHINE_COOLING_TOWER_eZV9UQ0xq9Y0ZeJT.jpeg',''),(578,11,74,'MACHINE_COOLING_TOWER_A8D7HE1BAQNy7LBE.jpeg',''),(579,11,75,'MACHINE_COOLING_TOWER_ODJaYeiNOobo4LbL.jpeg',''),(580,11,75,'MACHINE_COOLING_TOWER_TG6vOQDa8c7nPDcR.jpeg',''),(581,11,75,'MACHINE_COOLING_TOWER_sbAX2W8yH9LrJpmU.jpeg',''),(582,11,75,'MACHINE_COOLING_TOWER_nfYIvkCGT3TzFVxC.jpeg',''),(583,11,75,'MACHINE_COOLING_TOWER_7NUSYXSvp3W8Nzuq.jpeg',''),(584,11,76,'MACHINE_COOLING_TOWER_Oy69amki79fJfOJ4.jpeg',''),(585,11,76,'MACHINE_COOLING_TOWER_jTn0nmVnDjOxURfU.jpeg',''),(586,11,76,'MACHINE_COOLING_TOWER_NhlsB0931xk6h5Ek.jpeg',''),(587,11,76,'MACHINE_COOLING_TOWER_6IM4YVLITcL2qB5a.jpeg',''),(588,11,76,'MACHINE_COOLING_TOWER_DKn07im0JWocihWF.jpeg',''),(589,11,76,'MACHINE_COOLING_TOWER_abAXdoLTy3JDyi0x.jpeg',''),(590,11,76,'MACHINE_COOLING_TOWER_kIDyJSBxWNO8xmCv.jpeg',''),(591,11,77,'MACHINE_COOLING_TOWER_XpDoKaw9tQf85KzR.jpeg',''),(592,11,77,'MACHINE_COOLING_TOWER_AjvEwHlSy3WoQiYk.jpeg',''),(593,11,77,'MACHINE_COOLING_TOWER_3PrWjm4MQEP1Ics6.jpeg',''),(595,11,77,'MACHINE_COOLING_TOWER_IscTUItDlina7j5u.jpeg',''),(596,11,77,'MACHINE_COOLING_TOWER_M9hjFz7KNK6aoNUS.jpeg',''),(597,11,77,'MACHINE_COOLING_TOWER_0x06oWfRj9EhMs4h.jpeg',''),(598,11,76,'MACHINE_COOLING_TOWER_UDwbJ2Ze193Ju2Sn.jpeg',''),(599,11,78,'MACHINE_COOLING_TOWER_iPmaidadB2lLowmo.jpeg',''),(600,11,79,'MACHINE_COOLING_TOWER_0bH6p3crs80mx2oT.jpeg',''),(601,11,79,'MACHINE_COOLING_TOWER_YEociJpT9PtEHeDj.jpeg',''),(602,11,79,'MACHINE_COOLING_TOWER_Lo3XJxRvExt4gTjP.jpeg',''),(603,11,79,'MACHINE_COOLING_TOWER_TgazG2uckcfZnTSZ.jpeg',''),(604,11,79,'MACHINE_COOLING_TOWER_DWBbxKgz1zmZpahD.jpeg',''),(605,11,79,'MACHINE_COOLING_TOWER_YX0artv1pH3hXSEA.jpeg',''),(606,11,79,'MACHINE_COOLING_TOWER_2KdluPEiZrDTZQtW.jpeg',''),(607,11,80,'MACHINE_COOLING_TOWER_h8eD3stPrpg3QSDf.jpeg',''),(608,11,80,'MACHINE_COOLING_TOWER_zO6eXOU01yrKiuW1.jpeg',''),(609,11,80,'MACHINE_COOLING_TOWER_FOU0bH6p3crs80mx.jpeg',''),(610,11,80,'MACHINE_COOLING_TOWER_YX0artv1pH3hXSEA.jpeg',''),(611,11,80,'MACHINE_COOLING_TOWER_TzdbRTP4vnwtlwop.jpeg',''),(612,10,81,'TRIAL_MOLD_MA_2000_HANGING_GEL__BLvCd4x2PA5INeqk.jpeg',''),(613,10,81,'TRIAL_MOLD_MA_2000_HANGING_GEL__HBZK0cBLJtPYG9So.jpeg',''),(614,5,82,'CLEAN_UP_WORK_uwDpRpanZD6sGhRP.jpeg',''),(615,5,82,'CLEAN_UP_WORK_o2c5TZ9XYsj2HnN7.jpeg',''),(616,5,82,'CLEAN_UP_WORK_Y0f18piS151wC2Y9.jpeg',''),(617,5,82,'CLEAN_UP_WORK_J51K3fHLYDOQoH4u.jpeg',''),(618,5,83,'CLEAN_UP_WORK_Pd23Hnmo9Bsz420X.jpeg',''),(619,5,83,'CLEAN_UP_WORK_O0HbIbmRlqlZWFj5.jpeg',''),(620,5,83,'CLEAN_UP_WORK_2TIn5Yo7xOhkfah8.jpeg',''),(621,5,83,'CLEAN_UP_WORK_ClQ4uCdfGFvryGjl.jpeg',''),(622,11,84,'MACHINE_COOLING_TOWER_mZV39cnEqdb98RuK.jpeg',''),(623,11,84,'MACHINE_COOLING_TOWER_qW4Lcw2jdty0AMRL.jpeg',''),(624,11,84,'MACHINE_COOLING_TOWER_ZFh4JU76qX0ZGbhV.jpeg',''),(625,11,84,'MACHINE_COOLING_TOWER_0LFMUs5Cdk1l45Hr.jpeg',''),(626,11,84,'MACHINE_COOLING_TOWER_UkclvcpAZF1PHdhB.jpeg',''),(627,11,84,'MACHINE_COOLING_TOWER_1zNGkrsPT8uY8LA2.jpeg',''),(628,11,84,'MACHINE_COOLING_TOWER_vOjArUjtD4SUC9hd.jpeg',''),(629,11,85,'MACHINE_COOLING_TOWER_86RE6rRnlth1CNd9.jpeg',''),(630,11,85,'MACHINE_COOLING_TOWER_ciPBHU8tjDfwUlpM.jpeg',''),(631,11,85,'MACHINE_COOLING_TOWER_rLqfJgzbH16WUeZV.jpeg',''),(632,11,85,'MACHINE_COOLING_TOWER_Pl6mDReIZMGrpzgp.jpeg',''),(633,11,85,'MACHINE_COOLING_TOWER_QzHWRK98FvAvW7r3.jpeg',''),(634,11,85,'MACHINE_COOLING_TOWER_kL3kpGEPJFsFBthb.jpeg',''),(635,11,85,'MACHINE_COOLING_TOWER_Vqeo9HEnQj03a3O9.jpeg',''),(636,11,85,'MACHINE_COOLING_TOWER_ljIWs4nRqzTErR78.jpeg',''),(637,11,85,'MACHINE_COOLING_TOWER_xa7oP8eDdL7O7km3.jpeg',''),(638,11,85,'MACHINE_COOLING_TOWER_lCdMuHmGri3t7bc4.jpeg',''),(639,11,85,'MACHINE_COOLING_TOWER_zyHRI8EPcC0bHh9G.jpeg',''),(640,11,86,'MACHINE_COOLING_TOWER_ICli1AZjSgu08p1n.jpeg',''),(641,11,86,'MACHINE_COOLING_TOWER_9PBaEnopdJOSXpv4.jpeg',''),(642,11,86,'MACHINE_COOLING_TOWER_W0zlGsK8bIV2wdSx.jpeg',''),(643,11,86,'MACHINE_COOLING_TOWER_R5OKA9j4hOztdZWL.jpeg',''),(644,11,86,'MACHINE_COOLING_TOWER_5mpLA2lw8AHVjCxj.jpeg',''),(647,11,87,'MACHINE_COOLING_TOWER_LUB2SzqoBhIXjTVn.jpeg',''),(648,11,87,'MACHINE_COOLING_TOWER_gchns4zQ1mrZFbIn.jpeg',''),(649,11,87,'MACHINE_COOLING_TOWER_g63dGTiuQeuTsz4P.jpeg',''),(650,11,87,'MACHINE_COOLING_TOWER_ikRmefF3KPxrwqXr.jpeg',''),(651,11,87,'MACHINE_COOLING_TOWER_gN6FRvELapBmqSPf.jpeg',''),(652,11,88,'MACHINE_COOLING_TOWER_MNvZvdYJkdslYiL4.jpeg',''),(653,11,88,'MACHINE_COOLING_TOWER_q4itvJmYPnUy8SQs.jpeg',''),(654,11,88,'MACHINE_COOLING_TOWER_MYVkOxs0Rzrc6Ooc.jpeg',''),(655,11,89,'MACHINE_COOLING_TOWER_vz2OMBcrZArnfAa0.jpeg',''),(656,11,90,'MACHINE_COOLING_TOWER_RlSf6GRJv869HpUL.jpeg',''),(657,11,90,'MACHINE_COOLING_TOWER_KMQp7wao50V2Faup.jpeg',''),(658,11,90,'MACHINE_COOLING_TOWER_TAjKcADTxWMnojGV.jpeg',''),(659,11,90,'MACHINE_COOLING_TOWER_F0arVELzve4erYMx.jpeg',''),(660,11,90,'MACHINE_COOLING_TOWER_0xSRmfGYGp7qpIwB.jpeg',''),(661,10,91,'TRIAL_MOLD_MA_2000_HANGING_GEL__bZROTQT7hxfLmEFw.jpeg',''),(662,10,91,'TRIAL_MOLD_MA_2000_HANGING_GEL__0gDiHiqnzi0kqNT4.jpeg',''),(663,10,91,'TRIAL_MOLD_MA_2000_HANGING_GEL__LVODEkI1NrRnAbfB.jpeg',''),(664,10,91,'TRIAL_MOLD_MA_2000_HANGING_GEL__igQ1z5JUVmc3SgIF.jpeg',''),(665,10,91,'TRIAL_MOLD_MA_2000_HANGING_GEL__59I36n2j2a0LFxm7.jpeg',''),(666,12,93,'PRODUCTION_TABLE_INSTALLATION__SUumkVuNRQBZdUaK.jpeg',''),(667,12,94,'PRODUCTION_TABLE_INSTALLATION__9kAv3dZQzHWRK98F.jpeg',''),(668,12,94,'PRODUCTION_TABLE_INSTALLATION__WdWbo5wuZEC8tL8C.jpeg',''),(669,12,95,'PRODUCTION_TABLE_INSTALLATION__mCXOohZToeLUtHn6.jpeg',''),(670,12,95,'PRODUCTION_TABLE_INSTALLATION__0Cf06DpkAXvAJcZ9.jpeg',''),(671,12,95,'PRODUCTION_TABLE_INSTALLATION__j8dP9MnjylNpRuKJ.jpeg',''),(672,12,95,'PRODUCTION_TABLE_INSTALLATION__mdwiA3HUpYm65YPn.jpeg',''),(673,12,95,'PRODUCTION_TABLE_INSTALLATION__ldxJTOXyNmusUPkM.jpeg',''),(674,12,96,'PRODUCTION_TABLE_INSTALLATION__bB3ZEUSrUiIvpwlb.jpeg',''),(675,12,96,'PRODUCTION_TABLE_INSTALLATION__eSez2nfFLfN7S3NE.jpeg',''),(676,12,96,'PRODUCTION_TABLE_INSTALLATION__RGnOJx9ZGoIx0mrG.mp4',''),(677,12,97,'PRODUCTION_TABLE_INSTALLATION__u9uEYnaPgKG6ELga.jpeg',''),(678,12,98,'PRODUCTION_TABLE_INSTALLATION__5iBfzhdoREUAWZhp.jpeg',''),(679,12,98,'PRODUCTION_TABLE_INSTALLATION__1leMVNPKYECKUn9a.jpeg',''),(680,12,98,'PRODUCTION_TABLE_INSTALLATION__uwVAPxAt7ux2i8Kf.jpeg',''),(681,12,98,'PRODUCTION_TABLE_INSTALLATION__h5QjkjWKZLRx0Tu1.jpeg',''),(682,12,98,'PRODUCTION_TABLE_INSTALLATION__HsvQkez1CM2pyU97.jpeg',''),(683,12,98,'PRODUCTION_TABLE_INSTALLATION__qQIQmyDodvtHUWCo.jpeg',''),(684,12,99,'PRODUCTION_TABLE_INSTALLATION__ZPgXrXFjTVP8rQOZ.jpeg',''),(685,12,99,'PRODUCTION_TABLE_INSTALLATION__7ouAcmQx64RYq1UP.jpeg',''),(686,12,99,'PRODUCTION_TABLE_INSTALLATION__hcItW8fwADGlm9uK.jpeg',''),(687,12,99,'PRODUCTION_TABLE_INSTALLATION__3NdR0FC7hkfB1L0u.jpeg',''),(688,13,100,'MIXER_POWER_ON_AREA_MIXING_SeHMloqRC5ycVn8y.jpeg',''),(689,13,100,'MIXER_POWER_ON_AREA_MIXING_dbEsx3X1BY90SOSE.jpeg',''),(690,13,100,'MIXER_POWER_ON_AREA_MIXING_gxHSuPSuJ7xO7SR5.jpeg',''),(691,13,100,'MIXER_POWER_ON_AREA_MIXING_iZrWQpnzJRyM5M1K.mp4',''),(692,11,92,'MACHINE_COOLING_TOWER_LuzdtB9K9KRfPo1u.mp4',''),(693,11,101,'MACHINE_COOLING_TOWER_BsB4AvQj4gmgf9sc.mp4',''),(694,11,101,'MACHINE_COOLING_TOWER_LvVaJK8DbjWdWbo5.mp4',''),(695,11,101,'MACHINE_COOLING_TOWER_pnbDyhYfDKmXnUGS.mp4',''),(696,11,101,'MACHINE_COOLING_TOWER_7fkmMhN18pJkEZhp.mp4',''),(697,5,102,'CLEAN_UP_WORK_CxVAnfwOP1zfci1T.jpeg',''),(698,5,102,'CLEAN_UP_WORK_mSMXhqiRnTYvYP6q.jpeg',''),(699,5,102,'CLEAN_UP_WORK_g3oAzAMLb9Wkz3VC.jpeg',''),(700,5,102,'CLEAN_UP_WORK_qNsM3eTSshJkwDjg.jpeg',''),(701,5,102,'CLEAN_UP_WORK_Z16VsML1RbTnqRoN.jpeg',''),(702,5,102,'CLEAN_UP_WORK_ZDz8kZE7MODusm0P.jpeg',''),(703,5,102,'CLEAN_UP_WORK_tvJmYPnUy8SQsPmg.jpeg',''),(704,5,102,'CLEAN_UP_WORK_Pr9dJmY16iToLOEW.jpeg',''),(705,5,102,'CLEAN_UP_WORK_c9PBaEnopdJOSXpv.jpeg',''),(706,5,103,'CLEAN_UP_WORK_jrCZKw2jKv8Uq4Jn.jpeg',''),(707,5,103,'CLEAN_UP_WORK_1qtKvCEMBW753eT5.jpeg',''),(708,5,103,'CLEAN_UP_WORK_YMG5QR15bEAhiR7Q.jpeg',''),(709,1,104,'FILLING_MACHINE_1_LABELLING__PART_CHECK_FOR_GMP_LABELLING_MACHINE_PMA1ZLfAtioUkviB.jpeg',''),(710,1,104,'FILLING_MACHINE_1_LABELLING__PART_CHECK_FOR_GMP_LABELLING_MACHINE_qzNB1MkC0VvsmX74.jpeg',''),(711,1,104,'FILLING_MACHINE_1_LABELLING__PART_CHECK_FOR_GMP_LABELLING_MACHINE_x3dNpXG9fPQuRGoz.jpeg',''),(712,1,104,'FILLING_MACHINE_1_LABELLING__PART_CHECK_FOR_GMP_LABELLING_MACHINE_z47t4mEFXy6RwjtJ.jpeg',''),(713,1,105,'FILLING_MACHINE_1_LABELLING__PART_CHECK_FOR_GMP_LABELLING_MACHINE_eJzYAsbZq7FvmDkb.jpeg',''),(714,1,105,'FILLING_MACHINE_1_LABELLING__PART_CHECK_FOR_GMP_LABELLING_MACHINE_sgVrFhe1QNH3bYKY.jpeg',''),(715,1,105,'FILLING_MACHINE_1_LABELLING__PART_CHECK_FOR_GMP_LABELLING_MACHINE_NDc98EJsh1Oy69am.jpeg',''),(716,14,106,'ASSEMBLY_PROSES_7952RsbAX2W8yH9L.jpeg',''),(717,14,106,'ASSEMBLY_PROSES_rV9UpqjLReCDYu0o.jpeg',''),(718,14,106,'ASSEMBLY_PROSES_5HG2VJguqmsCsfuA.jpeg',''),(719,14,106,'ASSEMBLY_PROSES_qt3ZF7l6zPBsB4Av.jpeg',''),(720,14,106,'ASSEMBLY_PROSES_FDbdAoAtoYzs82nx.mp4',''),(721,14,106,'ASSEMBLY_PROSES_CSs7coe3XcuhHKkJ.jpeg',''),(722,14,106,'ASSEMBLY_PROSES_sCGNgedXVSFaCZjF.jpeg',''),(723,14,106,'ASSEMBLY_PROSES_Kd5rfboMIsipIebD.jpeg',''),(724,14,106,'ASSEMBLY_PROSES_6knFkHnmPRPNgxyV.mp4',''),(725,14,106,'ASSEMBLY_PROSES_OaIcaLRMqFPJ3HnA.jpeg',''),(726,14,107,'ASSEMBLY_PROSES_Q2IPHd7t0jLplfUL.jpeg',''),(727,14,107,'ASSEMBLY_PROSES_3M3kEy1ucMvt5UNP.jpeg',''),(728,14,107,'ASSEMBLY_PROSES_sLXi4JtorLqGcuUI.jpeg',''),(729,14,107,'ASSEMBLY_PROSES_bV75Fv5Yij03zk0d.jpeg',''),(730,14,107,'ASSEMBLY_PROSES_j5ndYJLv7HFbJPf8.jpeg',''),(731,14,107,'ASSEMBLY_PROSES_TgtwWN1PBHtpfEWm.jpeg',''),(732,14,107,'ASSEMBLY_PROSES_tGyamfxb1S14Pdig.jpeg',''),(733,14,108,'ASSEMBLY_PROSES_LM8HXLyKkXufyVeL.jpeg',''),(734,14,108,'ASSEMBLY_PROSES_onumWIA0XwNu5aWd.jpeg',''),(735,14,108,'ASSEMBLY_PROSES_EW6eqkSHb5O2DrMx.jpeg',''),(736,14,108,'ASSEMBLY_PROSES_89G1bfUGYmNpEJsI.jpeg',''),(740,14,108,'ASSEMBLY_PROSES_IHDHs2mY1h2hJ4HB.jpeg',''),(741,14,109,'ASSEMBLY_PROSES_sMFvTGUES02O4EMU.jpeg',''),(742,14,109,'ASSEMBLY_PROSES_WlnwBiCBv8nKgtFT.jpeg',''),(743,14,109,'ASSEMBLY_PROSES_5AichaIby3Dr0MRx.jpeg',''),(744,14,109,'ASSEMBLY_PROSES_YwfejUb3THaT7nhA.jpeg','');
/*!40000 ALTER TABLE `action_images` ENABLE KEYS */;
UNLOCK TABLES;

--
-- Table structure for table `action_performers`
--

DROP TABLE IF EXISTS `action_performers`;
/*!40101 SET @saved_cs_client     = @@character_set_client */;
/*!40101 SET character_set_client = utf8 */;
CREATE TABLE `action_performers` (
  `id` int(11) NOT NULL AUTO_INCREMENT,
  `daily_activity_id` int(11) NOT NULL,
  `action_id` int(11) NOT NULL,
  `personnel_id` int(11) NOT NULL,
  `updated` timestamp NOT NULL DEFAULT CURRENT_TIMESTAMP ON UPDATE CURRENT_TIMESTAMP,
  `created` datetime NOT NULL DEFAULT '0000-00-00 00:00:00',
  PRIMARY KEY (`id`)
) ENGINE=InnoDB AUTO_INCREMENT=134 DEFAULT CHARSET=utf8;
/*!40101 SET character_set_client = @saved_cs_client */;

--
-- Dumping data for table `action_performers`
--

LOCK TABLES `action_performers` WRITE;
/*!40000 ALTER TABLE `action_performers` DISABLE KEYS */;
INSERT INTO `action_performers` VALUES (1,1,1,2,'0000-00-00 00:00:00','0000-00-00 00:00:00'),(2,1,1,2,'0000-00-00 00:00:00','0000-00-00 00:00:00'),(5,1,1,2,'0000-00-00 00:00:00','0000-00-00 00:00:00'),(6,1,1,2,'0000-00-00 00:00:00','0000-00-00 00:00:00'),(7,1,1,2,'0000-00-00 00:00:00','0000-00-00 00:00:00'),(21,2,2,2,'0000-00-00 00:00:00','0000-00-00 00:00:00'),(22,3,3,2,'0000-00-00 00:00:00','0000-00-00 00:00:00'),(23,3,4,2,'0000-00-00 00:00:00','0000-00-00 00:00:00'),(24,3,5,2,'0000-00-00 00:00:00','0000-00-00 00:00:00'),(25,3,6,2,'0000-00-00 00:00:00','0000-00-00 00:00:00'),(26,3,8,2,'0000-00-00 00:00:00','0000-00-00 00:00:00'),(27,3,7,2,'0000-00-00 00:00:00','0000-00-00 00:00:00'),(28,3,9,2,'0000-00-00 00:00:00','0000-00-00 00:00:00'),(29,1,10,2,'0000-00-00 00:00:00','0000-00-00 00:00:00'),(30,1,11,2,'0000-00-00 00:00:00','0000-00-00 00:00:00'),(31,1,12,2,'0000-00-00 00:00:00','0000-00-00 00:00:00'),(32,1,13,2,'0000-00-00 00:00:00','0000-00-00 00:00:00'),(34,5,15,2,'0000-00-00 00:00:00','0000-00-00 00:00:00'),(35,5,16,2,'0000-00-00 00:00:00','0000-00-00 00:00:00'),(36,6,17,2,'0000-00-00 00:00:00','0000-00-00 00:00:00'),(37,6,18,2,'0000-00-00 00:00:00','0000-00-00 00:00:00'),(38,7,19,2,'0000-00-00 00:00:00','0000-00-00 00:00:00'),(40,6,20,2,'0000-00-00 00:00:00','0000-00-00 00:00:00'),(41,5,21,2,'0000-00-00 00:00:00','0000-00-00 00:00:00'),(46,4,22,2,'0000-00-00 00:00:00','0000-00-00 00:00:00'),(47,4,23,2,'0000-00-00 00:00:00','0000-00-00 00:00:00'),(48,4,24,2,'0000-00-00 00:00:00','0000-00-00 00:00:00'),(50,4,25,2,'0000-00-00 00:00:00','0000-00-00 00:00:00'),(51,5,26,2,'0000-00-00 00:00:00','0000-00-00 00:00:00'),(52,4,27,2,'0000-00-00 00:00:00','0000-00-00 00:00:00'),(53,5,28,2,'0000-00-00 00:00:00','0000-00-00 00:00:00'),(54,5,29,2,'0000-00-00 00:00:00','0000-00-00 00:00:00'),(55,7,30,2,'0000-00-00 00:00:00','0000-00-00 00:00:00'),(56,7,31,2,'0000-00-00 00:00:00','0000-00-00 00:00:00'),(57,5,32,2,'0000-00-00 00:00:00','0000-00-00 00:00:00'),(58,8,33,2,'0000-00-00 00:00:00','0000-00-00 00:00:00'),(59,5,34,2,'0000-00-00 00:00:00','0000-00-00 00:00:00'),(60,6,35,2,'0000-00-00 00:00:00','0000-00-00 00:00:00'),(61,7,36,2,'0000-00-00 00:00:00','0000-00-00 00:00:00'),(62,5,37,2,'0000-00-00 00:00:00','0000-00-00 00:00:00'),(63,8,38,2,'0000-00-00 00:00:00','0000-00-00 00:00:00'),(64,5,40,2,'0000-00-00 00:00:00','0000-00-00 00:00:00'),(65,6,41,2,'0000-00-00 00:00:00','0000-00-00 00:00:00'),(66,8,42,2,'0000-00-00 00:00:00','0000-00-00 00:00:00'),(67,7,43,2,'0000-00-00 00:00:00','0000-00-00 00:00:00'),(68,5,44,2,'0000-00-00 00:00:00','0000-00-00 00:00:00'),(69,5,45,2,'0000-00-00 00:00:00','0000-00-00 00:00:00'),(70,5,46,2,'0000-00-00 00:00:00','0000-00-00 00:00:00'),(71,9,47,2,'0000-00-00 00:00:00','0000-00-00 00:00:00'),(72,5,48,2,'0000-00-00 00:00:00','0000-00-00 00:00:00'),(73,6,49,2,'0000-00-00 00:00:00','0000-00-00 00:00:00'),(74,9,50,2,'0000-00-00 00:00:00','0000-00-00 00:00:00'),(75,8,51,2,'0000-00-00 00:00:00','0000-00-00 00:00:00'),(76,6,20,2,'0000-00-00 00:00:00','0000-00-00 00:00:00'),(77,6,52,2,'0000-00-00 00:00:00','0000-00-00 00:00:00'),(78,5,53,2,'0000-00-00 00:00:00','0000-00-00 00:00:00'),(79,5,54,2,'0000-00-00 00:00:00','0000-00-00 00:00:00'),(80,4,55,2,'0000-00-00 00:00:00','0000-00-00 00:00:00'),(81,6,56,2,'0000-00-00 00:00:00','0000-00-00 00:00:00'),(82,5,57,2,'0000-00-00 00:00:00','0000-00-00 00:00:00'),(83,5,58,2,'0000-00-00 00:00:00','0000-00-00 00:00:00'),(84,7,59,2,'0000-00-00 00:00:00','0000-00-00 00:00:00'),(85,5,60,2,'0000-00-00 00:00:00','0000-00-00 00:00:00'),(86,7,61,2,'0000-00-00 00:00:00','0000-00-00 00:00:00'),(87,7,62,2,'0000-00-00 00:00:00','0000-00-00 00:00:00'),(88,9,64,2,'0000-00-00 00:00:00','0000-00-00 00:00:00'),(89,9,65,2,'0000-00-00 00:00:00','0000-00-00 00:00:00'),(90,5,66,2,'0000-00-00 00:00:00','0000-00-00 00:00:00'),(91,5,67,2,'0000-00-00 00:00:00','0000-00-00 00:00:00'),(92,10,68,2,'0000-00-00 00:00:00','0000-00-00 00:00:00'),(93,10,69,2,'0000-00-00 00:00:00','0000-00-00 00:00:00'),(95,10,71,2,'0000-00-00 00:00:00','0000-00-00 00:00:00'),(96,10,72,2,'0000-00-00 00:00:00','0000-00-00 00:00:00'),(97,11,73,2,'0000-00-00 00:00:00','0000-00-00 00:00:00'),(98,11,74,2,'0000-00-00 00:00:00','0000-00-00 00:00:00'),(99,11,75,2,'0000-00-00 00:00:00','0000-00-00 00:00:00'),(100,11,76,2,'0000-00-00 00:00:00','0000-00-00 00:00:00'),(101,11,77,2,'0000-00-00 00:00:00','0000-00-00 00:00:00'),(102,11,78,2,'0000-00-00 00:00:00','0000-00-00 00:00:00'),(103,11,79,2,'0000-00-00 00:00:00','0000-00-00 00:00:00'),(104,11,80,2,'0000-00-00 00:00:00','0000-00-00 00:00:00'),(105,10,81,2,'0000-00-00 00:00:00','0000-00-00 00:00:00'),(106,5,82,2,'0000-00-00 00:00:00','0000-00-00 00:00:00'),(107,5,83,2,'0000-00-00 00:00:00','0000-00-00 00:00:00'),(108,11,84,2,'0000-00-00 00:00:00','0000-00-00 00:00:00'),(109,11,85,2,'0000-00-00 00:00:00','0000-00-00 00:00:00'),(110,11,86,2,'0000-00-00 00:00:00','0000-00-00 00:00:00'),(111,11,87,2,'0000-00-00 00:00:00','0000-00-00 00:00:00'),(112,11,88,2,'0000-00-00 00:00:00','0000-00-00 00:00:00'),(113,11,89,2,'0000-00-00 00:00:00','0000-00-00 00:00:00'),(114,11,90,2,'0000-00-00 00:00:00','0000-00-00 00:00:00'),(115,10,91,2,'0000-00-00 00:00:00','0000-00-00 00:00:00'),(116,11,92,2,'0000-00-00 00:00:00','0000-00-00 00:00:00'),(117,12,93,2,'0000-00-00 00:00:00','0000-00-00 00:00:00'),(118,12,94,2,'0000-00-00 00:00:00','0000-00-00 00:00:00'),(119,12,95,2,'0000-00-00 00:00:00','0000-00-00 00:00:00'),(120,12,96,2,'0000-00-00 00:00:00','0000-00-00 00:00:00'),(121,12,97,2,'0000-00-00 00:00:00','0000-00-00 00:00:00'),(122,12,98,2,'0000-00-00 00:00:00','0000-00-00 00:00:00'),(123,12,99,2,'0000-00-00 00:00:00','0000-00-00 00:00:00'),(124,13,100,2,'0000-00-00 00:00:00','0000-00-00 00:00:00'),(125,11,101,2,'0000-00-00 00:00:00','0000-00-00 00:00:00'),(126,5,102,2,'0000-00-00 00:00:00','0000-00-00 00:00:00'),(127,5,103,2,'0000-00-00 00:00:00','0000-00-00 00:00:00'),(128,1,104,2,'0000-00-00 00:00:00','0000-00-00 00:00:00'),(129,1,105,2,'0000-00-00 00:00:00','0000-00-00 00:00:00'),(130,14,106,2,'0000-00-00 00:00:00','0000-00-00 00:00:00'),(131,14,107,2,'0000-00-00 00:00:00','0000-00-00 00:00:00'),(132,14,108,2,'0000-00-00 00:00:00','0000-00-00 00:00:00'),(133,14,109,2,'0000-00-00 00:00:00','0000-00-00 00:00:00');
/*!40000 ALTER TABLE `action_performers` ENABLE KEYS */;
UNLOCK TABLES;

--
-- Table structure for table `action_plan_tasks`
--

DROP TABLE IF EXISTS `action_plan_tasks`;
/*!40101 SET @saved_cs_client     = @@character_set_client */;
/*!40101 SET character_set_client = utf8 */;
CREATE TABLE `action_plan_tasks` (
  `id` int(11) NOT NULL AUTO_INCREMENT,
  `sort` int(11) DEFAULT NULL,
  `daily_activity_id` int(11) NOT NULL,
  `action_plan_id` int(11) NOT NULL,
  `title` varchar(256) NOT NULL,
  `complete_status_id` int(11) NOT NULL DEFAULT '1',
  `estimate_start_date` date DEFAULT NULL,
  `estimate_end_date` date DEFAULT NULL,
  `actual_start_date` date DEFAULT NULL,
  `actual_end_date` date DEFAULT NULL,
  `remark` text,
  PRIMARY KEY (`id`)
) ENGINE=InnoDB DEFAULT CHARSET=utf8 COMMENT='ActionPlanTasks';
/*!40101 SET character_set_client = @saved_cs_client */;

--
-- Dumping data for table `action_plan_tasks`
--

LOCK TABLES `action_plan_tasks` WRITE;
/*!40000 ALTER TABLE `action_plan_tasks` DISABLE KEYS */;
/*!40000 ALTER TABLE `action_plan_tasks` ENABLE KEYS */;
UNLOCK TABLES;

--
-- Table structure for table `action_plans`
--

DROP TABLE IF EXISTS `action_plans`;
/*!40101 SET @saved_cs_client     = @@character_set_client */;
/*!40101 SET character_set_client = utf8 */;
CREATE TABLE `action_plans` (
  `id` int(11) NOT NULL AUTO_INCREMENT,
  `sort` int(11) DEFAULT NULL,
  `daily_activity_id` int(11) NOT NULL,
  `title` varchar(255) NOT NULL,
  `complete_status_id` int(11) NOT NULL,
  `remark` text,
  PRIMARY KEY (`id`)
) ENGINE=InnoDB AUTO_INCREMENT=2 DEFAULT CHARSET=utf8 COMMENT='ActionPlan';
/*!40101 SET character_set_client = @saved_cs_client */;

--
-- Dumping data for table `action_plans`
--

LOCK TABLES `action_plans` WRITE;
/*!40000 ALTER TABLE `action_plans` DISABLE KEYS */;
INSERT INTO `action_plans` VALUES (1,1,9,'pemasangan kanopi',2,'pemasangan kanopi');
/*!40000 ALTER TABLE `action_plans` ENABLE KEYS */;
UNLOCK TABLES;

--
-- Table structure for table `action_statuses`
--

DROP TABLE IF EXISTS `action_statuses`;
/*!40101 SET @saved_cs_client     = @@character_set_client */;
/*!40101 SET character_set_client = utf8 */;
CREATE TABLE `action_statuses` (
  `id` int(11) NOT NULL AUTO_INCREMENT,
  `title` varchar(256) NOT NULL,
  PRIMARY KEY (`id`)
) ENGINE=InnoDB AUTO_INCREMENT=3 DEFAULT CHARSET=utf8 COMMENT='SPStatuses';
/*!40101 SET character_set_client = @saved_cs_client */;

--
-- Dumping data for table `action_statuses`
--

LOCK TABLES `action_statuses` WRITE;
/*!40000 ALTER TABLE `action_statuses` DISABLE KEYS */;
INSERT INTO `action_statuses` VALUES (1,'Temporary'),(2,'Fixed');
/*!40000 ALTER TABLE `action_statuses` ENABLE KEYS */;
UNLOCK TABLES;

--
-- Table structure for table `actions`
--

DROP TABLE IF EXISTS `actions`;
/*!40101 SET @saved_cs_client     = @@character_set_client */;
/*!40101 SET character_set_client = utf8 */;
CREATE TABLE `actions` (
  `id` int(11) NOT NULL AUTO_INCREMENT,
  `daily_activity_id` int(11) NOT NULL,
  `title` varchar(256) NOT NULL,
  `time_start` datetime NOT NULL DEFAULT '0000-00-00 00:00:00',
  `time_end` datetime NOT NULL DEFAULT '0000-00-00 00:00:00',
  `sort` int(11) DEFAULT NULL,
  `job_status_id` int(11) NOT NULL,
  `remark` text,
  `updated` timestamp NOT NULL DEFAULT CURRENT_TIMESTAMP ON UPDATE CURRENT_TIMESTAMP,
  `created` datetime NOT NULL DEFAULT '0000-00-00 00:00:00',
  PRIMARY KEY (`id`)
) ENGINE=InnoDB AUTO_INCREMENT=110 DEFAULT CHARSET=utf8;
/*!40101 SET character_set_client = @saved_cs_client */;

--
-- Dumping data for table `actions`
--

LOCK TABLES `actions` WRITE;
/*!40000 ALTER TABLE `actions` DISABLE KEYS */;
INSERT INTO `actions` VALUES (1,1,'Part Check ','2022-11-18 08:30:00','2022-11-18 16:30:00',2,2,'','2022-12-08 21:42:58','0000-00-00 00:00:00'),(2,2,'Loading boiler to boiler room','2022-11-29 08:30:00','2022-11-29 16:30:00',1,2,'','0000-00-00 00:00:00','0000-00-00 00:00:00'),(3,3,'Unloading for Injection Molding','2022-10-07 08:30:00','2022-12-11 08:30:00',1,2,'','0000-00-00 00:00:00','0000-00-00 00:00:00'),(4,3,'Robot Installation','0000-00-00 00:00:00','2022-10-20 08:30:00',5,1,'','2022-12-02 00:50:17','0000-00-00 00:00:00'),(5,3,'Injection machine placement','2022-10-24 08:30:00','2022-11-23 08:30:00',2,2,'','2022-12-02 00:53:08','0000-00-00 00:00:00'),(6,3,'Machine Leveling','2022-11-21 08:30:00','2022-11-23 08:30:00',6,2,'','2022-12-02 01:13:54','0000-00-00 00:00:00'),(7,3,'Machine part check and Accessories tidy up ','2022-11-15 08:30:00','2022-11-17 08:30:00',3,2,'','0000-00-00 00:00:00','0000-00-00 00:00:00'),(8,3,'Installation HTHD hopper dryer and HTAL Vaccum loader','2022-11-07 08:30:00','2022-11-11 08:30:00',4,2,'','2022-12-02 01:14:48','0000-00-00 00:00:00'),(9,3,'Filling hydrolic oil Injection','2022-11-30 08:30:00','2022-12-02 08:30:00',5,2,'','0000-00-00 00:00:00','0000-00-00 00:00:00'),(10,1,'Installation labelling','2022-10-18 08:30:00','2022-12-14 08:30:00',3,1,'1. not yet installed air compressor, cable power, re position machine ','2022-12-08 21:43:16','0000-00-00 00:00:00'),(11,1,'Installation machine filling','2022-10-18 08:30:00','2022-10-26 08:30:00',2,1,'1. not yet installed air compressor, cable power, re position machine','2022-12-08 22:08:36','0000-00-00 00:00:00'),(12,1,'Installation conveyor','2022-10-17 08:30:00','2022-10-21 08:30:00',3,1,'not yet installed, cable power, re position','2022-12-08 21:42:33','0000-00-00 00:00:00'),(13,1,'Unloading machine','2022-10-12 08:30:00','2022-10-14 08:30:00',1,2,'','0000-00-00 00:00:00','0000-00-00 00:00:00'),(15,5,'Clean up area GMP ','2022-12-20 07:30:00','2022-12-20 16:30:00',2,2,'','2022-12-22 21:52:14','0000-00-00 00:00:00'),(16,5,'Clean up area GMP ','2022-12-19 07:30:00','2022-12-19 16:30:00',1,2,'','0000-00-00 00:00:00','0000-00-00 00:00:00'),(17,6,'Koneksi kabel ','2022-12-19 07:30:00','2022-12-19 16:30:00',1,2,'','0000-00-00 00:00:00','0000-00-00 00:00:00'),(18,6,'Koneksi kabel ','2022-12-21 07:30:00','2022-12-21 16:30:00',2,2,'','2022-12-23 00:18:24','0000-00-00 00:00:00'),(19,7,'Pemeriksaan kebocoran factory ','2022-12-20 08:30:00','2022-12-20 16:30:00',1,2,'','0000-00-00 00:00:00','0000-00-00 00:00:00'),(20,6,'Machine Power On','2022-12-22 07:30:00','2022-12-22 16:30:00',3,2,'','2022-12-23 00:25:31','0000-00-00 00:00:00'),(21,5,'Clean up area GMP ','2022-12-22 08:30:00','2022-12-22 16:30:00',3,2,'','2022-12-23 00:39:30','0000-00-00 00:00:00'),(23,4,'Mold Check','2022-12-20 08:30:00','2022-12-20 16:30:00',1,2,'','0000-00-00 00:00:00','0000-00-00 00:00:00'),(24,4,'Mold Check','2022-12-21 08:30:00','2022-12-21 16:30:00',2,2,'','0000-00-00 00:00:00','0000-00-00 00:00:00'),(25,4,'Mold Check','2022-12-22 08:30:00','2022-12-22 16:30:00',3,2,'','0000-00-00 00:00:00','0000-00-00 00:00:00'),(26,5,'Clean up area GMP ','2022-12-23 08:30:00','2022-12-23 16:30:00',3,2,'','0000-00-00 00:00:00','0000-00-00 00:00:00'),(27,4,'Mold Check','2022-12-23 08:30:00','2022-12-23 16:30:00',4,2,'','0000-00-00 00:00:00','0000-00-00 00:00:00'),(28,5,'Clean up area room manager ','2022-12-26 08:30:00','2022-12-26 08:30:00',4,2,'','0000-00-00 00:00:00','0000-00-00 00:00:00'),(29,5,'Clean up area room manager 2','2022-12-27 08:30:00','2022-12-27 16:30:00',6,2,'','0000-00-00 00:00:00','0000-00-00 00:00:00'),(30,7,'Perawatan mesin forklift ','2022-12-26 08:30:00','2022-12-26 16:30:00',2,2,'','0000-00-00 00:00:00','0000-00-00 00:00:00'),(31,7,'Chasan forklip menyambung ke panel ','2022-12-28 08:30:00','2022-12-28 16:30:00',3,2,'','0000-00-00 00:00:00','0000-00-00 00:00:00'),(32,5,'Cleaning warehouse','2022-12-28 08:30:00','2022-12-28 16:30:00',7,2,'','0000-00-00 00:00:00','0000-00-00 00:00:00'),(34,5,'Cleaning warehouse','2022-12-29 08:30:00','2022-12-29 16:30:00',8,2,'','0000-00-00 00:00:00','0000-00-00 00:00:00'),(35,6,'Konek cooled chiller','2022-12-29 08:30:00','2022-12-29 16:30:00',4,2,'','0000-00-00 00:00:00','0000-00-00 00:00:00'),(36,7,'Pemeriksaan selang solar','2022-12-29 08:30:00','2022-12-29 16:30:00',4,2,'','0000-00-00 00:00:00','0000-00-00 00:00:00'),(37,5,'Main meeting rooom ','2022-12-30 08:30:00','2022-12-30 16:30:00',9,2,'','0000-00-00 00:00:00','0000-00-00 00:00:00'),(38,8,'Pemasangan mold mesin 2000','2022-12-30 08:30:00','2022-12-30 16:30:00',1,2,'','2023-01-03 00:42:53','0000-00-00 00:00:00'),(40,5,'Cleaning lantai 3 /ruangan ofice','2023-01-02 08:30:00','2023-01-02 16:30:00',10,2,'','0000-00-00 00:00:00','0000-00-00 00:00:00'),(41,6,'Mengencangkan baud busbar LV','2023-01-02 08:30:00','2023-01-02 16:30:00',5,2,'','0000-00-00 00:00:00','0000-00-00 00:00:00'),(42,8,'Mold  preform','2023-01-03 08:30:00','2023-01-03 08:30:00',2,2,'','0000-00-00 00:00:00','0000-00-00 00:00:00'),(43,7,'Pemasangan  grounding','2023-01-03 08:30:00','2023-01-03 16:30:00',5,2,'','0000-00-00 00:00:00','0000-00-00 00:00:00'),(44,5,'Cleaning lantai 3','2023-01-03 08:30:00','2023-01-03 16:30:00',11,2,'','0000-00-00 00:00:00','0000-00-00 00:00:00'),(45,5,'Cleaning lantai 3/ injeksejn...warehouse','2023-01-04 08:30:00','2023-01-04 16:30:00',12,2,'','0000-00-00 00:00:00','0000-00-00 00:00:00'),(46,5,'Pemasangan jendela lantai 3','2023-01-05 08:30:00','2023-01-05 16:30:00',13,2,'','2023-01-25 21:33:44','0000-00-00 00:00:00'),(48,5,'Clining room lantai 3','2023-01-06 08:30:00','2023-01-06 16:30:00',13,2,'','2023-01-25 21:34:21','0000-00-00 00:00:00'),(49,6,'Koneksi Kabel Grondin MA 2000','2023-01-07 08:30:00','2023-01-07 16:30:00',6,2,'','0000-00-00 00:00:00','0000-00-00 00:00:00'),(51,8,'Pergantian mol 2000','2023-01-10 08:30:00','2023-01-10 16:30:00',3,2,'','0000-00-00 00:00:00','0000-00-00 00:00:00'),(52,6,'Pemasangan Chiller','2023-01-10 08:30:00','2023-01-10 16:30:00',7,2,'','0000-00-00 00:00:00','0000-00-00 00:00:00'),(53,5,'Cleaning Warehouse','2023-01-10 08:30:00','2023-01-10 16:30:00',15,2,'','0000-00-00 00:00:00','0000-00-00 00:00:00'),(54,5,'Cleaning room packaging','2023-01-11 08:30:00','2023-01-11 16:30:00',16,2,'','2023-01-25 21:32:52','0000-00-00 00:00:00'),(55,4,'Penaikan  mold di mesin 1200','2023-01-11 08:30:00','2023-01-11 16:30:00',5,2,'','0000-00-00 00:00:00','0000-00-00 00:00:00'),(56,6,'Connect ac iner room ','2023-01-11 08:30:00','2023-01-11 16:30:00',8,2,'','0000-00-00 00:00:00','0000-00-00 00:00:00'),(57,5,'Clening romm lantai 3','2023-01-17 08:30:00','2023-01-17 16:30:00',17,2,'','2023-01-25 21:31:45','0000-00-00 00:00:00'),(59,7,'Penarikan kabel/Meeting room  lantai 2','2023-01-15 08:30:00','2023-01-15 16:30:00',6,2,'','0000-00-00 00:00:00','0000-00-00 00:00:00'),(60,5,'Clening room mesin injeksen 2000 1&5 /Qc leb ','2023-01-18 08:30:00','2023-01-18 16:30:00',18,2,'','2023-01-25 21:31:26','0000-00-00 00:00:00'),(61,7,'Instalasi NCB meeting room ','2023-01-16 08:30:00','2023-01-16 08:30:00',7,2,'','0000-00-00 00:00:00','0000-00-00 00:00:00'),(62,7,'Instalasi kabel Qc room ','2023-01-17 08:30:00','2023-01-17 16:30:00',8,2,'','0000-00-00 00:00:00','0000-00-00 00:00:00'),(64,9,'Canopy installation ','2023-01-03 08:30:00','2023-01-04 08:30:00',1,2,'','2023-01-20 00:54:13','0000-00-00 00:00:00'),(65,9,'Checking and SLO','2023-01-04 08:30:00','2023-01-05 08:30:00',2,2,'','2023-01-20 02:14:34','0000-00-00 00:00:00'),(66,5,'Cleaning meteng room ','2023-01-20 08:30:00','2023-01-20 16:30:00',19,2,'','0000-00-00 00:00:00','0000-00-00 00:00:00'),(67,5,'Clean ruangan werhaouse ','2023-01-21 08:30:00','2023-01-21 16:30:00',20,2,'','0000-00-00 00:00:00','0000-00-00 00:00:00'),(68,10,'Trial Mini Vent Bottom Cover ','2023-01-09 08:30:00','2023-01-09 16:30:00',1,2,'','0000-00-00 00:00:00','0000-00-00 00:00:00'),(69,10,'Trial Mc MA1200  No 3. 4. 5.6.7.8 ','2023-01-19 08:30:00','2023-01-19 16:30:00',2,2,'','2023-01-26 01:58:52','0000-00-00 00:00:00'),(71,10,'Mini Vent Bottom Cover 500 Pcs ','2023-01-23 08:30:00','2023-01-23 16:30:00',3,2,'','0000-00-00 00:00:00','0000-00-00 00:00:00'),(72,10,'Trial Hanging Gel Mesin MA2000','2023-01-25 08:30:00','2023-01-25 08:30:00',4,2,'','0000-00-00 00:00:00','0000-00-00 00:00:00'),(74,11,'Panel moving and purchasing one-siders','2023-01-21 08:30:00','2023-01-21 16:30:00',1,2,'','0000-00-00 00:00:00','0000-00-00 00:00:00'),(75,11,'Control Panel Assembly','2023-01-23 08:30:00','2023-01-23 16:30:00',2,2,'','0000-00-00 00:00:00','0000-00-00 00:00:00'),(76,11,'Continue Control Panel Assembly &Conek mixser to NCB panel','2023-01-24 08:30:00','2023-01-24 16:30:00',3,2,'','2023-01-26 21:22:49','0000-00-00 00:00:00'),(77,11,'Continue Control Panel Assembly &pressing the press to the panel ','2023-01-25 08:30:00','2023-01-25 19:26:00',4,2,'','2023-01-26 21:29:51','0000-00-00 00:00:00'),(78,11,'Continnue control panel assmbly','2023-01-26 08:30:00','2023-01-26 16:30:00',5,2,'','0000-00-00 00:00:00','0000-00-00 00:00:00'),(79,11,'Continue Control Panel Assembly','2023-01-27 08:30:00','2023-01-27 16:30:00',6,2,'','2023-01-30 19:25:59','0000-00-00 00:00:00'),(80,11,'Continue Control Panel Assembly','2023-01-30 08:30:00','2023-01-30 16:30:00',7,2,'','2023-01-30 19:26:06','0000-00-00 00:00:00'),(81,10,'Trial Hanging gel mesin MA 2000','2023-01-27 08:30:00','2023-01-27 16:30:00',5,2,'','0000-00-00 00:00:00','0000-00-00 00:00:00'),(82,5,'Cleaning area injection ','2023-01-27 08:30:00','2023-01-27 16:30:00',21,2,'','0000-00-00 00:00:00','0000-00-00 00:00:00'),(83,5,'Cleaning ruangan mixer/layout ruangan clusher','2023-01-30 08:30:00','2023-01-30 16:30:00',22,2,'','0000-00-00 00:00:00','0000-00-00 00:00:00'),(84,11,'Continue Control Panel Assembly','2023-01-31 08:30:00','2023-01-31 16:30:00',8,2,'','0000-00-00 00:00:00','0000-00-00 00:00:00'),(85,11,'Continue Control Panel Assembly ','2023-02-01 08:30:00','2023-02-01 16:30:00',9,2,'','2023-02-08 00:31:33','0000-00-00 00:00:00'),(86,11,'Installation of the power hoist and connecting the power hoist to the panel','2023-02-02 08:30:00','2023-02-02 16:30:00',10,2,'','0000-00-00 00:00:00','0000-00-00 00:00:00'),(87,11,'Motor installation to panel coling tower ','2023-02-06 08:30:00','2023-02-06 08:30:00',11,2,'','0000-00-00 00:00:00','0000-00-00 00:00:00'),(88,11,'Cooling tower installation and motor cooling tower installation ','2023-02-07 08:30:00','2023-02-07 16:30:00',12,2,'','0000-00-00 00:00:00','0000-00-00 00:00:00'),(89,11,'Continue Control Panel Assembly','2023-02-08 08:30:00','2023-02-08 16:30:00',13,2,'','0000-00-00 00:00:00','0000-00-00 00:00:00'),(90,11,'Continue Control Panel Assembly','2023-02-09 08:30:00','2023-02-09 16:30:00',14,2,'','0000-00-00 00:00:00','0000-00-00 00:00:00'),(91,10,'Commissioning robot MA2000-3-4-7-8 & Install robot MA2000-4','2023-02-04 08:30:00','2023-02-04 16:30:00',6,2,'','2023-02-09 19:50:28','0000-00-00 00:00:00'),(92,11,'Colling tower ','2023-02-14 08:30:00','2023-02-14 16:30:00',15,2,'','2023-02-17 01:00:09','0000-00-00 00:00:00'),(93,12,'Installation meja produksi ke MCB ','2023-02-01 08:30:00','2023-02-01 16:30:00',1,2,'','0000-00-00 00:00:00','0000-00-00 00:00:00'),(94,12,'Installation of production table lamps','2023-02-06 08:30:00','2023-02-06 16:30:00',2,2,'','0000-00-00 00:00:00','0000-00-00 00:00:00'),(95,12,'Production table installation to panels &MCB','2023-02-10 08:30:00','2023-02-10 16:30:00',3,2,'','0000-00-00 00:00:00','0000-00-00 00:00:00'),(96,12,'Installation of production table lamps','2023-02-13 08:30:00','2023-02-13 16:30:00',4,2,'','0000-00-00 00:00:00','0000-00-00 00:00:00'),(97,12,'Installation of production table lamps','2023-02-14 08:30:00','2023-02-14 16:30:00',4,2,'','0000-00-00 00:00:00','0000-00-00 00:00:00'),(98,12,'Installation MCB power injection production table MA1200','2023-02-15 08:30:00','2023-02-15 16:30:00',6,2,'','0000-00-00 00:00:00','0000-00-00 00:00:00'),(99,12,'Production table lamp power installation ','2023-02-16 08:30:00','2023-02-16 16:30:00',7,2,'','0000-00-00 00:00:00','0000-00-00 00:00:00'),(100,13,'Installation of mixer motor to panel','2023-02-11 08:30:00','2023-02-11 08:30:00',1,2,'','0000-00-00 00:00:00','0000-00-00 00:00:00'),(101,11,'Colling tower motor panel checking','2023-02-16 08:30:00','2023-02-16 16:30:00',16,2,'','0000-00-00 00:00:00','0000-00-00 00:00:00'),(102,5,'Clean area QC/MEETING ROOM/INJECTION/WAREHOUSE','2023-02-01 08:30:00','2023-02-01 16:30:00',22,2,'','0000-00-00 00:00:00','0000-00-00 00:00:00'),(103,5,'Clean area meeting room /warehouse','2023-02-02 08:30:00','2023-02-02 16:30:00',24,2,'','0000-00-00 00:00:00','0000-00-00 00:00:00'),(104,1,'Installation machine filling ','2023-02-18 08:30:00','2023-02-18 16:30:00',6,1,'','0000-00-00 00:00:00','0000-00-00 00:00:00'),(105,1,'Installation machine filling ','2023-02-20 08:30:00','0000-00-00 00:00:00',7,1,'','0000-00-00 00:00:00','0000-00-00 00:00:00'),(106,14,'Proses Assembly Running Phoenix MV','2023-02-22 08:30:00','2023-02-22 16:30:00',1,1,'','2023-02-25 01:41:42','0000-00-00 00:00:00'),(107,14,'Installasi Mesin Press & Pemasangan Sticker Mv Black','2023-02-23 08:30:00','2023-02-23 16:30:00',2,1,'','0000-00-00 00:00:00','0000-00-00 00:00:00'),(108,14,'3D HANGING GEL Pemasangan Electro Plating /Drak Temptation','2023-02-23 08:30:00','2023-02-23 16:30:00',3,1,'','0000-00-00 00:00:00','0000-00-00 00:00:00'),(109,14,'Produk OK 3D HANGING GEL','2023-02-24 08:30:00','2023-02-24 16:30:00',4,1,'','0000-00-00 00:00:00','0000-00-00 00:00:00');
/*!40000 ALTER TABLE `actions` ENABLE KEYS */;
UNLOCK TABLES;

--
-- Table structure for table `break_down_causes`
--

DROP TABLE IF EXISTS `break_down_causes`;
/*!40101 SET @saved_cs_client     = @@character_set_client */;
/*!40101 SET character_set_client = utf8 */;
CREATE TABLE `break_down_causes` (
  `id` int(11) NOT NULL AUTO_INCREMENT,
  `title` varchar(256) NOT NULL,
  PRIMARY KEY (`id`)
) ENGINE=InnoDB AUTO_INCREMENT=9 DEFAULT CHARSET=utf8 COMMENT='BreakDownCauses';
/*!40101 SET character_set_client = @saved_cs_client */;

--
-- Dumping data for table `break_down_causes`
--

LOCK TABLES `break_down_causes` WRITE;
/*!40000 ALTER TABLE `break_down_causes` DISABLE KEYS */;
INSERT INTO `break_down_causes` VALUES (1,'Machinery Problem'),(2,'Operational Problem'),(3,'Incidental Problem'),(4,'Accidental Problem'),(5,'Environmental Problem'),(6,'Other Problem'),(7,'Spare Part preparedness'),(8,'--None--');
/*!40000 ALTER TABLE `break_down_causes` ENABLE KEYS */;
UNLOCK TABLES;

--
-- Table structure for table `complete_statuses`
--

DROP TABLE IF EXISTS `complete_statuses`;
/*!40101 SET @saved_cs_client     = @@character_set_client */;
/*!40101 SET character_set_client = utf8 */;
CREATE TABLE `complete_statuses` (
  `id` int(11) NOT NULL AUTO_INCREMENT,
  `title` varchar(50) NOT NULL,
  `css_class` varchar(20) NOT NULL,
  PRIMARY KEY (`id`)
) ENGINE=InnoDB AUTO_INCREMENT=7 DEFAULT CHARSET=utf8 COMMENT='Project Statuses';
/*!40101 SET character_set_client = @saved_cs_client */;

--
-- Dumping data for table `complete_statuses`
--

LOCK TABLES `complete_statuses` WRITE;
/*!40000 ALTER TABLE `complete_statuses` DISABLE KEYS */;
INSERT INTO `complete_statuses` VALUES (1,'Open','taskOpen'),(2,'Closed','taskClosed'),(3,'Waiting','taskWaiting'),(4,'Delegated','taskDelegated'),(5,'Pending','taskPending'),(6,'Cancel','taskCancel');
/*!40000 ALTER TABLE `complete_statuses` ENABLE KEYS */;
UNLOCK TABLES;

--
-- Table structure for table `corrective_action_files`
--

DROP TABLE IF EXISTS `corrective_action_files`;
/*!40101 SET @saved_cs_client     = @@character_set_client */;
/*!40101 SET character_set_client = utf8 */;
CREATE TABLE `corrective_action_files` (
  `id` int(11) NOT NULL AUTO_INCREMENT,
  `daily_activity_id` int(11) DEFAULT NULL,
  `filename` varchar(256) NOT NULL,
  `title` varchar(256) NOT NULL,
  `remark` text,
  PRIMARY KEY (`id`)
) ENGINE=InnoDB AUTO_INCREMENT=18 DEFAULT CHARSET=utf8;
/*!40101 SET character_set_client = @saved_cs_client */;

--
-- Dumping data for table `corrective_action_files`
--

LOCK TABLES `corrective_action_files` WRITE;
/*!40000 ALTER TABLE `corrective_action_files` DISABLE KEYS */;
INSERT INTO `corrective_action_files` VALUES (1,10938,'files\\corrective_action_files\\IMG-710145124_IXeizfcKIh2hik4g.pdf','Well Implemented',''),(2,11133,'files\\corrective_action_files\\IMG-710145156_4607iAr628jkLQqJ.pdf','Well Implemented',''),(3,11001,'files\\corrective_action_files\\IMG-710145202_EuGHKSZ41eCW7SjQ.pdf','Well Implemented',''),(4,11163,'files\\corrective_action_files\\IMG-710145209_0pN6YntMwhMsfzuq.pdf','Well Implemented',''),(5,10982,'files\\corrective_action_files\\IMG-710145215_z2OMBcrZArnfAa0F.pdf','Well Implemented',''),(6,11026,'files\\corrective_action_files\\IMG-710145222_Amre18R1gVltIQsK.pdf','Well Implemented',''),(7,10438,'files\\corrective_action_files\\IMG-710145228_VBJDfltaL34mXbV8.pdf','Well Implemented',''),(8,10417,'files\\corrective_action_files\\IMG-710145234_869HpUL1LFfR9RIQ.pdf','Well Implemented',''),(9,10368,'files\\corrective_action_files\\IMG-710145240_z21GhL4A2AFBt7If.pdf','Well Implemented',''),(10,10457,'files\\corrective_action_files\\IMG-710145247_sAwXazZyAzrP6E3j.pdf','Well Implemented',''),(11,10538,'files\\corrective_action_files\\IMG-710145254_yHRhp1uvJBFBIn50.pdf','Well Implemented',''),(12,10559,'files\\corrective_action_files\\IMG-710145300_3fgecvCEktIbN9g8.pdf','Well Implemented',''),(13,10606,'files\\corrective_action_files\\IMG-710145307_6Q2UPRPyBUCX1iEI.pdf','Well Implemented',''),(14,10617,'files\\corrective_action_files\\IMG-710145313_RYwl1XqK3yEcvJBr.pdf','Well Implemented',''),(15,10678,'files\\corrective_action_files\\IMG-710145320_9Z4DqwlzwY7XHLeZ.pdf','Well Implemented',''),(16,10695,'files\\corrective_action_files\\IMG-710145326_jq6KgHLxuAv8O6YB.pdf','Well Implemented',''),(17,10376,'files\\corrective_action_files\\IMG-710145340_ZN40DHZfoPQbU1Rt.pdf','Well Implemented','');
/*!40000 ALTER TABLE `corrective_action_files` ENABLE KEYS */;
UNLOCK TABLES;

--
-- Table structure for table `daily_activities`
--

DROP TABLE IF EXISTS `daily_activities`;
/*!40101 SET @saved_cs_client     = @@character_set_client */;
/*!40101 SET character_set_client = utf8 */;
CREATE TABLE `daily_activities` (
  `id` int(11) NOT NULL AUTO_INCREMENT,
  `date` date NOT NULL,
  `action_status_id` int(11) NOT NULL,
  `vehicle_id` int(11) DEFAULT NULL,
  `job_category_id` int(11) DEFAULT NULL,
  `title` varchar(256) NOT NULL,
  `analyze` text NOT NULL,
  `time_start` datetime NOT NULL DEFAULT '0000-00-00 00:00:00',
  `time_end` datetime NOT NULL DEFAULT '0000-00-00 00:00:00',
  `breakdown_time` varchar(256) DEFAULT '00:00:00',
  `stop_time` varchar(256) NOT NULL DEFAULT '00:00:00',
  `break_down_cause_id` int(11) NOT NULL DEFAULT '1',
  `working_time` varchar(256) DEFAULT NULL,
  `job_status_id` int(11) NOT NULL DEFAULT '2',
  `action_plan` text,
  `remark` text,
  PRIMARY KEY (`id`)
) ENGINE=InnoDB AUTO_INCREMENT=15 DEFAULT CHARSET=utf8;
/*!40101 SET character_set_client = @saved_cs_client */;

--
-- Dumping data for table `daily_activities`
--

LOCK TABLES `daily_activities` WRITE;
/*!40000 ALTER TABLE `daily_activities` DISABLE KEYS */;
INSERT INTO `daily_activities` VALUES (1,'2022-11-18',2,13,5,'Filling Machine 1 Labelling  Part Check for GMP Labelling Machine','Part Check activity','2022-11-18 08:30:00','2022-11-18 16:30:00','00:00','00:00',8,'8:0',1,NULL,NULL),(2,'2022-11-29',2,19,5,'Boiler  Boiler Installation','New Instalation','2022-11-29 08:30:00','2022-11-29 16:30:00','00:00','00:00',8,'8:0',2,NULL,NULL),(3,'2022-10-07',2,NULL,5,'Injection Molding Installation','New Machine Installation','2022-10-07 08:30:00','2022-10-07 16:30:00','00:00','00:00',8,'8:0',1,NULL,NULL),(4,'2022-12-19',2,1,5,'MA1200-1  Identifikasi Mold','Trial Power ON using IKM Generator','2022-12-19 08:30:00','2022-12-23 08:30:00','00:00','00:00',8,'96:0',2,NULL,NULL),(5,'2022-12-19',2,NULL,5,'Clean up work','Clean up work','2022-12-19 08:30:00','2022-12-23 08:30:00','00:00','00:00',8,'96:0',2,NULL,NULL),(6,'2022-12-19',2,1,5,'MA1200-1  Injection machine trial - power on','Injection machine trial - power on','2022-12-19 08:30:00','2022-12-23 08:30:00','00:00','00:00',8,'96:0',2,NULL,NULL),(7,'2022-12-20',2,NULL,13,'Pemeriksaan kebocoran factory ','pemeriksaan kebocoran factory ','2022-12-20 08:30:00','2022-12-20 08:30:00','00:00','00:00',8,'0:0',2,NULL,NULL),(8,'2022-12-30',2,NULL,11,'MA2000-1 IDENTIFIKASI MOLD','pemasangan mold mesin 2000','2022-12-30 08:30:00','2022-12-30 16:30:00','00:00','00:00',2,'8:0',2,NULL,NULL),(9,'2023-01-02',2,NULL,5,'ELEKTRIK ROOM ','installation of canopies for kupikel and trapo due to leaking trapo room','2023-01-02 08:30:00','2023-01-03 08:30:00','00:00','00:00',3,'24:0',2,NULL,NULL),(10,'2023-01-09',1,NULL,5,'TRIAL MOLD MA 2000 HANGING GEL ','trial mini vent bottom cover','2023-01-09 08:30:00','2023-01-10 08:30:00','00:00','00:00',8,'24:0',2,NULL,NULL),(11,'2023-01-23',1,NULL,5,'MACHINE COOLING TOWER','Installation machine cooling tower. progres','2023-01-23 08:30:00','2023-02-03 08:30:00','00:00','00:00',8,'264:0',2,NULL,NULL),(12,'2023-02-01',2,NULL,5,'PRODUCTION TABLE INSTALLATION ','installation meja produksi ke mcb','2023-02-01 08:30:00','2023-02-01 16:30:00','00:00','00:00',8,'8:0',2,NULL,NULL),(13,'2023-02-11',1,NULL,5,'MIXER POWER ON AREA MIXING','Installation of mixer machine to panel ','2023-02-11 08:30:00','2023-02-11 16:30:00','00:00','00:00',8,'8:0',2,NULL,NULL),(14,'2023-02-22',1,NULL,11,'ASSEMBLY PROSES','Proses Assembly Runnning Phoenix','2023-02-22 08:30:00','2023-02-22 16:30:00','00:00','00:00',8,'8:0',1,NULL,NULL);
/*!40000 ALTER TABLE `daily_activities` ENABLE KEYS */;
UNLOCK TABLES;

--
-- Table structure for table `job_categories`
--

DROP TABLE IF EXISTS `job_categories`;
/*!40101 SET @saved_cs_client     = @@character_set_client */;
/*!40101 SET character_set_client = utf8 */;
CREATE TABLE `job_categories` (
  `id` int(11) NOT NULL AUTO_INCREMENT,
  `title` varchar(256) NOT NULL,
  PRIMARY KEY (`id`)
) ENGINE=InnoDB AUTO_INCREMENT=15 DEFAULT CHARSET=utf8 COMMENT='JobCategories';
/*!40101 SET character_set_client = @saved_cs_client */;

--
-- Dumping data for table `job_categories`
--

LOCK TABLES `job_categories` WRITE;
/*!40000 ALTER TABLE `job_categories` DISABLE KEYS */;
INSERT INTO `job_categories` VALUES (1,'Maintenance Request'),(2,'Improvement'),(3,'Modification'),(4,'Periodic Inspection'),(5,'Preventive Maintenance'),(6,'Repair'),(7,'Trouble Response'),(8,'Other Job');
/*!40000 ALTER TABLE `job_categories` ENABLE KEYS */;
UNLOCK TABLES;

--
-- Table structure for table `job_statuses`
--

DROP TABLE IF EXISTS `job_statuses`;
/*!40101 SET @saved_cs_client     = @@character_set_client */;
/*!40101 SET character_set_client = utf8 */;
CREATE TABLE `job_statuses` (
  `id` int(11) NOT NULL AUTO_INCREMENT,
  `title` varchar(256) NOT NULL,
  PRIMARY KEY (`id`)
) ENGINE=InnoDB AUTO_INCREMENT=3 DEFAULT CHARSET=utf8 COMMENT='JobStatuses';
/*!40101 SET character_set_client = @saved_cs_client */;

--
-- Dumping data for table `job_statuses`
--

LOCK TABLES `job_statuses` WRITE;
/*!40000 ALTER TABLE `job_statuses` DISABLE KEYS */;
INSERT INTO `job_statuses` VALUES (1,'Open'),(2,'Closed');
/*!40000 ALTER TABLE `job_statuses` ENABLE KEYS */;
UNLOCK TABLES;

--
-- Table structure for table `maintenance_cards`
--

DROP TABLE IF EXISTS `maintenance_cards`;
/*!40101 SET @saved_cs_client     = @@character_set_client */;
/*!40101 SET character_set_client = utf8 */;
CREATE TABLE `maintenance_cards` (
  `id` int(11) NOT NULL AUTO_INCREMENT,
  `vehicle_id` int(11) DEFAULT NULL,
  `title` varchar(256) NOT NULL,
  `description` text,
  `action_status_id` int(11) DEFAULT NULL,
  `job_status_id` int(11) DEFAULT NULL,
  `job_category_id` int(11) DEFAULT NULL,
  `issue_date` timestamp NOT NULL DEFAULT CURRENT_TIMESTAMP,
  `personnel_id` int(11) DEFAULT NULL,
  PRIMARY KEY (`id`)
) ENGINE=InnoDB AUTO_INCREMENT=4 DEFAULT CHARSET=utf8;
/*!40101 SET character_set_client = @saved_cs_client */;

--
-- Dumping data for table `maintenance_cards`
--

LOCK TABLES `maintenance_cards` WRITE;
/*!40000 ALTER TABLE `maintenance_cards` DISABLE KEYS */;
INSERT INTO `maintenance_cards` VALUES (1,4,'Katup pengatur tekanan sementara rusak, Bisa digunakan dengan syarat.','Periksa tekanan ',NULL,NULL,NULL,'2014-09-02 03:25:59',233),(2,30,'Rawan patah baut','Periksa keadaan baut',NULL,NULL,NULL,'0000-00-00 00:00:00',107),(3,1,'mematikan sirkulasi colling unit setelah bekerja  ataupun mau istirahat  ','--> kondisi suhu pada silube panas masuk ken collant unit jikalau system sirkulasi di matikan maka shu soilub akan tetap panas dan menimbulkan alarm ',NULL,NULL,NULL,'0000-00-00 00:00:00',107);
/*!40000 ALTER TABLE `maintenance_cards` ENABLE KEYS */;
UNLOCK TABLES;

--
-- Table structure for table `priorities`
--

DROP TABLE IF EXISTS `priorities`;
/*!40101 SET @saved_cs_client     = @@character_set_client */;
/*!40101 SET character_set_client = utf8 */;
CREATE TABLE `priorities` (
  `id` int(11) NOT NULL AUTO_INCREMENT,
  `title` varchar(2) NOT NULL,
  `description` varchar(100) NOT NULL,
  PRIMARY KEY (`id`)
) ENGINE=InnoDB AUTO_INCREMENT=6 DEFAULT CHARSET=utf8;
/*!40101 SET character_set_client = @saved_cs_client */;

--
-- Dumping data for table `priorities`
--

LOCK TABLES `priorities` WRITE;
/*!40000 ALTER TABLE `priorities` DISABLE KEYS */;
INSERT INTO `priorities` VALUES (1,'A','Immediately'),(2,'B','Segmenting & Time'),(5,'C','FYI');
/*!40000 ALTER TABLE `priorities` ENABLE KEYS */;
UNLOCK TABLES;

--
-- Dumping events for database 'asahi_maintenance'
--

--
-- Dumping routines for database 'asahi_maintenance'
--
/*!40103 SET TIME_ZONE=@OLD_TIME_ZONE */;

/*!40101 SET SQL_MODE=@OLD_SQL_MODE */;
/*!40014 SET FOREIGN_KEY_CHECKS=@OLD_FOREIGN_KEY_CHECKS */;
/*!40014 SET UNIQUE_CHECKS=@OLD_UNIQUE_CHECKS */;
/*!40101 SET CHARACTER_SET_CLIENT=@OLD_CHARACTER_SET_CLIENT */;
/*!40101 SET CHARACTER_SET_RESULTS=@OLD_CHARACTER_SET_RESULTS */;
/*!40101 SET COLLATION_CONNECTION=@OLD_COLLATION_CONNECTION */;
/*!40111 SET SQL_NOTES=@OLD_SQL_NOTES */;

-- Dump completed on 2025-11-14 20:00:07
